Name,Number,Alt Number,HP,Attack,SpAttack,Defense,SpDefense,Speed,Legendary,Mythical,Pseudolegendary,Fully Evolved,Has Temporary Form,Type1,Type2,Normal,Fire,Water,Electric,Grass,Ice,Fighting,Poison,Ground,Flying,Psychic,Bug,Rock,Ghost,Dragon,Dark,Steel,Fairy
Bulbasaur,1,,45,49,65,49,65,45,0,0,0,0,0,Grass,Poison,1,2,0.5,0.5,0.25,2,0.5,1,1,2,2,1,1,1,1,1,1,0.5
Ivysaur,2,,60,62,80,63,80,60,0,0,0,0,0,Grass,Poison,1,2,0.5,0.5,0.25,2,0.5,1,1,2,2,1,1,1,1,1,1,0.5
Venusaur,3,,80,82,100,83,100,80,0,0,0,1,0,Grass,Poison,1,2,0.5,0.5,0.25,2,0.5,1,1,2,2,1,1,1,1,1,1,0.5
Charmander,4,,39,52,60,43,50,65,0,0,0,0,0,Fire,-,1,0.5,2,1,0.5,0.5,1,1,2,1,1,0.5,2,1,1,1,0.5,0.5
Charmeleon,5,,58,64,80,58,65,80,0,0,0,0,0,Fire,-,1,0.5,2,1,0.5,0.5,1,1,2,1,1,0.5,2,1,1,1,0.5,0.5
Charizard,6,,78,84,109,78,85,100,0,0,0,1,0,Fire,Flying,1,0.5,2,2,0.25,1,0.5,1,0,1,1,0.25,4,1,1,1,0.5,0.5
Squirtle,7,,44,48,50,65,64,43,0,0,0,0,0,Water,-,1,0.5,0.5,2,2,0.5,1,1,1,1,1,1,1,1,1,1,0.5,1
Wartortle,8,,59,63,65,80,80,58,0,0,0,0,0,Water,-,1,0.5,0.5,2,2,0.5,1,1,1,1,1,1,1,1,1,1,0.5,1
Blastoise,9,,79,83,85,100,105,78,0,0,0,1,0,Water,-,1,0.5,0.5,2,2,0.5,1,1,1,1,1,1,1,1,1,1,0.5,1
Caterpie,10,,45,30,20,35,20,45,0,0,0,0,0,Bug,-,1,2,1,1,0.5,1,0.5,1,0.5,2,1,1,2,1,1,1,1,1
Metapod,11,,50,20,25,55,25,30,0,0,0,0,0,Bug,-,1,2,1,1,0.5,1,0.5,1,0.5,2,1,1,2,1,1,1,1,1
Butterfree,12,,60,45,90,50,80,70,0,0,0,1,0,Bug,Flying,1,2,1,2,0.25,2,0.25,1,0,2,1,0.5,4,1,1,1,1,1
Pikachu,25,,35,55,50,40,50,90,0,0,0,0,0,Electric,-,1,1,1,0.5,1,1,1,1,2,0.5,1,1,1,1,1,1,0.5,1
Alolan Raichu,026-a,,60,85,95,50,85,110,0,0,0,1,0,Electric,Psychic,1,1,1,0.5,1,1,0.5,1,2,0.5,0.5,2,1,2,1,2,0.5,1
Raichu,26,,60,90,90,55,80,110,0,0,0,1,0,Electric,-,1,1,1,0.5,1,1,1,1,2,0.5,1,1,1,1,1,1,0.5,1
Alolan Sandshrew,027-a,,50,75,10,90,35,40,0,0,0,0,0,Ice,Steel,0.5,4,1,1,0.5,0.25,4,0,2,0.5,0.5,0.5,1,1,0.5,1,1,0.5
Sandshrew,27,,50,75,20,85,30,40,0,0,0,0,0,Ground,-,1,1,2,0,2,2,1,0.5,1,1,1,1,0.5,1,1,1,1,1
Alolan Sandslash,028-a,,75,100,25,120,65,65,0,0,0,1,0,Ice,Steel,0.5,4,1,1,0.5,0.25,4,0,2,0.5,0.5,0.5,1,1,0.5,1,1,0.5
Sandslash,28,,75,100,45,110,55,65,0,0,0,1,0,Ground,-,1,1,2,0,2,2,1,0.5,1,1,1,1,0.5,1,1,1,1,1
Nidoran (f),29,,55,47,40,52,40,41,0,0,0,0,0,Poison,-,1,1,1,1,0.5,1,0.5,0.5,2,1,2,0.5,1,1,1,1,1,0.5
Nidorina,30,,70,62,55,67,55,56,0,0,0,0,0,Poison,-,1,1,1,1,0.5,1,0.5,0.5,2,1,2,0.5,1,1,1,1,1,0.5
Nidoqueen,31,,90,92,75,87,85,76,0,0,0,1,0,Poison,Ground,1,1,2,0,1,2,0.5,0.25,2,1,2,0.5,0.5,1,1,1,1,0.5
Nidoran (m),32,,46,57,40,40,40,50,0,0,0,0,0,Poison,-,1,1,1,1,0.5,1,0.5,0.5,2,1,2,0.5,1,1,1,1,1,0.5
Nidorino,33,,61,72,55,57,55,65,0,0,0,0,0,Poison,-,1,1,1,1,0.5,1,0.5,0.5,2,1,2,0.5,1,1,1,1,1,0.5
Nidoking,34,,81,102,85,77,75,85,0,0,0,1,0,Poison,Ground,1,1,2,0,1,2,0.5,0.25,2,1,2,0.5,0.5,1,1,1,1,0.5
Clefairy,35,,70,45,60,48,65,35,0,0,0,0,0,Fairy,-,1,1,1,1,1,1,0.5,2,1,1,1,0.5,1,1,0,0.5,2,1
Clefable,36,,95,70,95,73,90,60,0,0,0,1,0,Fairy,-,1,1,1,1,1,1,0.5,2,1,1,1,0.5,1,1,0,0.5,2,1
Vulpix,37,,38,41,50,40,65,65,0,0,0,0,0,Fire,-,1,0.5,2,1,0.5,0.5,1,1,2,1,1,0.5,2,1,1,1,0.5,0.5
Alolan Vulpix,037-a,,38,41,50,40,65,65,0,0,0,0,0,Ice,-,1,2,1,1,1,0.5,2,1,1,1,1,1,2,1,1,1,2,1
Ninetales,38,,73,76,81,75,100,100,0,0,0,1,0,Fire,-,1,0.5,2,1,0.5,0.5,1,1,2,1,1,0.5,2,1,1,1,0.5,0.5
Alolan Ninetales,038-a,,73,67,81,75,100,109,0,0,0,1,0,Ice,Fairy,1,2,1,1,1,0.5,1,2,1,1,1,0.5,2,1,0,0.5,4,1
Jigglypuff,39,,115,45,45,20,25,20,0,0,0,0,0,Normal,Fairy,1,1,1,1,1,1,1,2,1,1,1,0.5,1,0,0,0.5,2,1
Wigglytuff,40,,140,70,85,45,50,45,0,0,0,1,0,Normal,Fairy,1,1,1,1,1,1,1,2,1,1,1,0.5,1,0,0,0.5,2,1
Zubat,41,,40,45,30,35,40,55,0,0,0,0,0,Poison,Flying,1,1,1,2,0.25,2,0.25,0.5,0,1,2,0.25,2,1,1,1,1,0.5
Golbat,42,,75,80,65,70,75,90,0,0,0,0,0,Poison,Flying,1,1,1,2,0.25,2,0.25,0.5,0,1,2,0.25,2,1,1,1,1,0.5
Oddish,43,,45,50,75,55,65,30,0,0,0,0,0,Grass,Poison,1,2,0.5,0.5,0.25,2,0.5,1,1,2,2,1,1,1,1,1,1,0.5
Gloom,44,,60,65,85,70,75,40,0,0,0,0,0,Grass,Poison,1,2,0.5,0.5,0.25,2,0.5,1,1,2,2,1,1,1,1,1,1,0.5
Vileplume,45,,75,80,110,85,90,50,0,0,0,1,0,Grass,Poison,1,2,0.5,0.5,0.25,2,0.5,1,1,2,2,1,1,1,1,1,1,0.5
Diglett,50,,10,55,35,25,45,95,0,0,0,0,0,Ground,-,1,1,2,0,2,2,1,0.5,1,1,1,1,0.5,1,1,1,1,1
Alolan Diglett,050-a,,10,55,35,30,45,90,0,0,0,0,0,Ground,Steel,0.5,2,2,0,1,1,2,0,2,0.5,0.5,0.5,0.25,1,0.5,1,0.5,0.5
Alolan Dugtrio,051-a,,35,100,50,60,70,110,0,0,0,1,0,Ground,Steel,0.5,2,2,0,1,1,2,0,2,0.5,0.5,0.5,0.25,1,0.5,1,0.5,0.5
Dugtrio,51,,35,100,50,50,70,120,0,0,0,1,0,Ground,-,1,1,2,0,2,2,1,0.5,1,1,1,1,0.5,1,1,1,1,1
Meowth,52,,40,45,40,35,40,90,0,0,0,0,0,Normal,-,1,1,1,1,1,1,2,1,1,1,1,1,1,1,0,1,1,1
Galarian Meowth,052-g,,50,65,40,55,40,40,0,0,0,0,0,Steel,-,0.5,2,1,1,0.5,0.5,2,0,2,0.5,0.5,0.5,0.5,1,0.5,1,0.5,0.5
Alolan Meowth,052-a,,40,35,50,35,40,90,0,0,0,0,0,Dark,-,1,1,1,1,1,1,2,1,1,1,0,2,1,0.5,1,0.5,1,2
Alolan Persian,053-a,,65,60,75,60,65,115,0,0,0,1,0,Dark,-,1,1,1,1,1,1,2,1,1,1,0,2,1,0.5,1,0.5,1,2
Persian,53,,65,70,65,60,65,115,0,0,0,1,0,Normal,-,1,1,1,1,1,1,2,1,1,1,1,1,1,0,1,1,1,1
Psyduck,54,,50,52,65,48,50,55,0,0,0,0,0,Water,-,1,0.5,0.5,2,2,0.5,1,1,1,1,1,1,1,1,1,1,0.5,1
Golduck,55,,80,82,95,78,80,85,0,0,0,1,0,Water,-,1,0.5,0.5,2,2,0.5,1,1,1,1,1,1,1,1,1,1,0.5,1
Growlithe,58,,55,70,70,45,50,60,0,0,0,0,0,Fire,-,1,0.5,2,1,0.5,0.5,1,1,2,1,1,0.5,2,1,1,1,0.5,0.5
Arcanine,59,,90,110,100,80,80,95,0,0,0,1,0,Fire,-,1,0.5,2,1,0.5,0.5,1,1,2,1,1,0.5,2,1,1,1,0.5,0.5
Poliwag,60,,40,50,40,40,40,90,0,0,0,0,0,Water,-,1,0.5,0.5,2,2,0.5,1,1,1,1,1,1,1,1,1,1,0.5,1
Poliwhirl,61,,65,65,50,65,50,90,0,0,0,0,0,Water,-,1,0.5,0.5,2,2,0.5,1,1,1,1,1,1,1,1,1,1,0.5,1
Poliwrath,62,,90,95,70,95,90,70,0,0,0,1,0,Water,Fighting,1,0.5,0.5,2,2,0.5,1,1,1,2,2,0.5,0.5,1,1,0.5,0.5,2
Abra,63,,25,20,105,15,55,90,0,0,0,0,0,Psychic,-,1,1,1,1,1,1,0.5,1,1,1,0.5,2,1,2,1,2,1,1
Kadabra,64,,40,35,120,30,70,105,0,0,0,0,0,Psychic,-,1,1,1,1,1,1,0.5,1,1,1,0.5,2,1,2,1,2,1,1
Alakazam,65,,55,50,135,45,95,120,0,0,0,1,0,Psychic,-,1,1,1,1,1,1,0.5,1,1,1,0.5,2,1,2,1,2,1,1
Machop,66,,70,80,35,50,35,35,0,0,0,0,0,Fighting,-,1,1,1,1,1,1,1,1,1,2,2,0.5,0.5,1,1,0.5,1,2
Machoke,67,,80,100,50,70,60,45,0,0,0,0,0,Fighting,-,1,1,1,1,1,1,1,1,1,2,2,0.5,0.5,1,1,0.5,1,2
Machamp,68,,90,130,65,80,85,55,0,0,0,1,0,Fighting,-,1,1,1,1,1,1,1,1,1,2,2,0.5,0.5,1,1,0.5,1,2
Tentacool,72,,40,40,50,35,100,70,0,0,0,0,0,Water,Poison,1,0.5,0.5,2,1,0.5,0.5,0.5,2,1,2,0.5,1,1,1,1,0.5,0.5
Tentacruel,73,,80,70,80,65,120,100,0,0,0,1,0,Water,Poison,1,0.5,0.5,2,1,0.5,0.5,0.5,2,1,2,0.5,1,1,1,1,0.5,0.5
Galarian Ponyta,077-g,,50,85,65,55,65,90,0,0,0,0,0,Psychic,-,1,1,1,1,1,1,0.5,1,1,1,0.5,2,1,2,1,2,1,1
Ponyta,77,,50,85,65,55,65,90,0,0,0,0,0,Fire,-,1,0.5,2,1,0.5,0.5,1,1,2,1,1,0.5,2,1,1,1,0.5,0.5
Rapidash,78,,65,100,80,70,80,105,0,0,0,1,0,Fire,-,1,0.5,2,1,0.5,0.5,1,1,2,1,1,0.5,2,1,1,1,0.5,0.5
Galarian Rapidash,078-g,,65,100,80,70,80,105,0,0,0,1,0,Psychic,Fairy,1,1,1,1,1,1,0.25,2,1,1,0.5,1,1,2,0,1,2,1
Slowpoke,79,,90,65,40,65,40,15,0,0,0,0,0,Water,Psychic,1,0.5,0.5,2,2,0.5,0.5,1,1,1,0.5,2,1,2,1,2,0.5,1
Galarian Slowpoke,079-g,,90,65,40,65,40,15,0,0,0,0,0,Psychic,-,1,1,1,1,1,1,0.5,1,1,1,0.5,2,1,2,1,2,1,1
Galarian Slowbro,080-g,,95,100,100,95,70,30,0,0,0,1,0,Poison,Psychic,1,1,1,1,0.5,1,0.25,0.5,2,1,1,1,1,2,1,2,1,0.5
Slowbro,80,,95,75,100,110,80,30,0,0,0,1,0,Water,Psychic,1,0.5,0.5,2,2,0.5,0.5,1,1,1,0.5,2,1,2,1,2,0.5,1
Magnemite,81,,25,35,95,70,55,45,0,0,0,0,0,Electric,Steel,0.5,2,1,0.5,0.5,0.5,2,0,4,0.25,0.5,0.5,0.5,1,0.5,1,0.25,0.5
Magneton,82,,50,60,120,95,70,70,0,0,0,0,0,Electric,Steel,0.5,2,1,0.5,0.5,0.5,2,0,4,0.25,0.5,0.5,0.5,1,0.5,1,0.25,0.5
Galarian Farfetch'd,083-g,,52,95,58,55,62,55,0,0,0,0,0,Fighting,-,1,1,1,1,1,1,1,1,1,2,2,0.5,0.5,1,1,0.5,1,2
Farfetch'd,83,,52,90,58,55,62,60,0,0,0,1,0,Normal,Flying,1,1,1,2,0.5,2,1,1,0,1,1,0.5,2,0,1,1,1,1
Shellder,90,,30,65,45,100,25,40,0,0,0,0,0,Water,-,1,0.5,0.5,2,2,0.5,1,1,1,1,1,1,1,1,1,1,0.5,1
Cloyster,91,,50,95,85,180,45,70,0,0,0,1,0,Water,Ice,1,1,0.5,2,2,0.25,2,1,1,1,1,1,2,1,1,1,1,1
Gastly,92,,30,35,100,30,35,80,0,0,0,0,0,Ghost,Poison,0,1,1,1,0.5,1,0,0.25,2,1,2,0.25,1,2,1,2,1,0.5
Haunter,93,,45,50,115,45,55,95,0,0,0,0,0,Ghost,Poison,0,1,1,1,0.5,1,0,0.25,2,1,2,0.25,1,2,1,2,1,0.5
Gengar,94,,60,65,130,60,75,110,0,0,0,1,0,Ghost,Poison,0,1,1,1,0.5,1,0,0.25,2,1,2,0.25,1,2,1,2,1,0.5
Onix,95,,35,45,30,160,45,70,0,0,0,1,0,Rock,Ground,0.5,0.5,4,0,4,2,2,0.25,2,0.5,1,1,0.5,1,1,1,2,1
Krabby,98,,30,105,25,90,25,50,0,0,0,0,0,Water,-,1,0.5,0.5,2,2,0.5,1,1,1,1,1,1,1,1,1,1,0.5,1
Kingler,99,,55,130,50,115,50,75,0,0,0,1,0,Water,-,1,0.5,0.5,2,2,0.5,1,1,1,1,1,1,1,1,1,1,0.5,1
Exeggcute,102,,60,40,60,80,45,40,0,0,0,0,0,Grass,Psychic,1,2,0.5,0.5,0.5,2,0.5,2,0.5,2,0.5,4,1,2,1,2,1,1
Alolan Exeggutor,103-a,,95,105,125,85,75,45,0,0,0,0,0,Grass,Dragon,1,1,0.25,0.25,0.25,4,1,2,0.5,2,1,2,1,1,2,1,1,2
Exeggutor,103,,95,95,125,85,75,55,0,0,0,1,0,Grass,Psychic,1,2,0.5,0.5,0.5,2,0.5,2,0.5,2,0.5,4,1,2,1,2,1,1
Cubone,104,,50,50,40,95,50,35,0,0,0,0,0,Ground,-,1,1,2,0,2,2,1,0.5,1,1,1,1,0.5,1,1,1,1,1
Alolan Marowak,105-a,,60,80,50,110,80,45,0,0,0,1,0,Fire,Ghost,0,0.5,2,1,0.5,0.5,0,0.5,2,1,1,0.25,2,2,1,2,0.5,0.5
Marowak,105,,60,80,50,110,80,45,0,0,0,1,0,Ground,-,1,1,2,0,2,2,1,0.5,1,1,1,1,0.5,1,1,1,1,1
Hitmonlee,106,,50,120,35,53,110,87,0,0,0,1,0,Fighting,-,1,1,1,1,1,1,1,1,1,2,2,0.5,0.5,1,1,0.5,1,2
Hitmonchan,107,,50,105,35,79,110,76,0,0,0,1,0,Fighting,-,1,1,1,1,1,1,1,1,1,2,2,0.5,0.5,1,1,0.5,1,2
Lickitung,108,,90,55,60,75,75,30,0,0,0,0,0,Normal,-,1,1,1,1,1,1,2,1,1,1,1,1,1,0,1,1,1,1
Koffing,109,,40,65,60,95,45,35,0,0,0,0,0,Poison,-,1,1,1,1,0.5,1,0.5,0.5,2,1,2,0.5,1,1,1,1,1,0.5
Weezing,110,,65,90,85,120,70,60,0,0,0,1,0,Poison,-,1,1,1,1,0.5,1,0.5,0.5,2,1,2,0.5,1,1,1,1,1,0.5
Galarian Weezing,110-g,,65,90,85,120,70,60,0,0,0,1,0,Poison,Fairy,1,1,1,1,0.5,1,0.25,1,2,1,2,0.25,1,1,0,0.5,2,0.5
Rhyhorn,111,,80,85,30,95,30,25,0,0,0,0,0,Ground,Rock,0.5,0.5,4,0,4,2,2,0.25,2,0.5,1,1,0.5,1,1,1,2,1
Rhydon,112,,105,130,45,120,45,40,0,0,0,0,0,Ground,Rock,0.5,0.5,4,0,4,2,2,0.25,2,0.5,1,1,0.5,1,1,1,2,1
Chansey,113,,250,5,35,5,105,50,0,0,0,0,0,Normal,-,1,1,1,1,1,1,2,1,1,1,1,1,1,0,1,1,1,1
Tangela,114,,65,55,100,115,40,60,0,0,0,0,0,Grass,-,1,2,0.5,0.5,0.5,2,1,2,0.5,2,1,2,1,1,1,1,1,1
Kangaskhan,115,,105,95,40,80,80,90,0,0,0,1,0,Normal,-,1,1,1,1,1,1,2,1,1,1,1,1,1,0,1,1,1,1
Horsea,116,,30,40,70,70,25,60,0,0,0,0,0,Water,-,1,0.5,0.5,2,2,0.5,1,1,1,1,1,1,1,1,1,1,0.5,1
Seadra,117,,55,65,95,95,45,85,0,0,0,0,0,Water,-,1,0.5,0.5,2,2,0.5,1,1,1,1,1,1,1,1,1,1,0.5,1
Goldeen,118,,45,67,35,60,50,63,0,0,0,0,0,Water,-,1,0.5,0.5,2,2,0.5,1,1,1,1,1,1,1,1,1,1,0.5,1
Seaking,119,,80,92,65,65,80,68,0,0,0,1,0,Water,-,1,0.5,0.5,2,2,0.5,1,1,1,1,1,1,1,1,1,1,0.5,1
Staryu,120,,30,45,70,55,55,85,0,0,0,0,0,Water,-,1,0.5,0.5,2,2,0.5,1,1,1,1,1,1,1,1,1,1,0.5,1
Starmie,121,,60,75,100,85,85,115,0,0,0,1,0,Water,Psychic,1,0.5,0.5,2,2,0.5,0.5,1,1,1,0.5,2,1,2,1,2,0.5,1
Mr. Mime,122,,40,45,100,65,120,90,0,0,0,0,0,Psychic,Fairy,1,1,1,1,1,1,0.25,2,1,1,0.5,1,1,2,0,1,2,1
Galarian Mr. Mime,122-g,,50,65,90,65,90,100,0,0,0,0,0,Ice,Psychic,1,2,1,1,1,0.5,1,1,1,1,0.5,2,2,2,1,2,2,1
Scyther,123,,70,110,55,80,80,105,0,0,0,1,0,Bug,Flying,1,2,1,2,0.25,2,0.25,1,0,2,1,0.5,4,1,1,1,1,1
Jynx,124,,65,50,115,35,95,95,0,0,0,1,0,Ice,Psychic,1,2,1,1,1,0.5,1,1,1,1,0.5,2,2,2,1,2,2,1
Electabuzz,125,,65,83,95,57,85,105,0,0,0,0,0,Electric,-,1,1,1,0.5,1,1,1,1,2,0.5,1,1,1,1,1,1,0.5,1
Magmar,126,,65,95,100,57,85,93,0,0,0,0,0,Fire,-,1,0.5,2,1,0.5,0.5,1,1,2,1,1,0.5,2,1,1,1,0.5,0.5
Pinsir,127,,65,125,55,100,70,85,0,0,0,1,0,Bug,-,1,2,1,1,0.5,1,0.5,1,0.5,2,1,1,2,1,1,1,1,1
Tauros,128,,75,100,40,95,70,110,0,0,0,1,0,Normal,-,1,1,1,1,1,1,2,1,1,1,1,1,1,0,1,1,1,1
Magikarp,129,,20,10,15,55,20,80,0,0,0,0,0,Water,-,1,0.5,0.5,2,2,0.5,1,1,1,1,1,1,1,1,1,1,0.5,1
Gyarados,130,,95,125,60,79,100,81,0,0,0,1,0,Water,Flying,1,0.5,0.5,4,1,1,0.5,1,0,1,1,0.5,2,1,1,1,0.5,1
Lapras,131,,130,85,85,80,95,60,0,0,0,1,0,Water,Ice,1,1,0.5,2,2,0.25,2,1,1,1,1,1,2,1,1,1,1,1
Ditto,132,,48,48,48,48,48,48,0,0,0,1,0,Normal,-,1,1,1,1,1,1,2,1,1,1,1,1,1,0,1,1,1,1
Eevee,133,,55,55,45,50,65,55,0,0,0,0,0,Normal,-,1,1,1,1,1,1,2,1,1,1,1,1,1,0,1,1,1,1
Vaporeon,134,,130,65,110,60,95,65,0,0,0,1,0,Water,-,1,0.5,0.5,2,2,0.5,1,1,1,1,1,1,1,1,1,1,0.5,1
Jolteon,135,,65,65,110,60,95,130,0,0,0,1,0,Electric,-,1,1,1,0.5,1,1,1,1,2,0.5,1,1,1,1,1,1,0.5,1
Flareon,136,,65,130,95,60,110,65,0,0,0,1,0,Fire,-,1,0.5,2,1,0.5,0.5,1,1,2,1,1,0.5,2,1,1,1,0.5,0.5
Porygon,137,,65,60,85,70,75,40,0,0,0,0,0,Normal,-,1,1,1,1,1,1,2,1,1,1,1,1,1,0,1,1,1,1
Omanyte,138,,35,40,90,100,55,35,0,0,0,0,0,Rock,Water,0.5,0.25,1,2,4,0.5,2,0.5,2,0.5,1,1,1,1,1,1,1,1
Omastar,139,,70,60,115,125,70,55,0,0,0,1,0,Rock,Water,0.5,0.25,1,2,4,0.5,2,0.5,2,0.5,1,1,1,1,1,1,1,1
Kabuto,140,,30,80,55,90,45,55,0,0,0,0,0,Rock,Water,0.5,0.25,1,2,4,0.5,2,0.5,2,0.5,1,1,1,1,1,1,1,1
Kabutops,141,,60,115,65,105,70,80,0,0,0,1,0,Rock,Water,0.5,0.25,1,2,4,0.5,2,0.5,2,0.5,1,1,1,1,1,1,1,1
Aerodactyl,142,,80,105,60,65,75,130,0,0,0,1,0,Rock,Flying,0.5,0.5,2,2,1,2,1,0.5,0,0.5,1,0.5,2,1,1,1,2,1
Snorlax,143,,160,110,65,65,110,30,0,0,0,1,0,Normal,-,1,1,1,1,1,1,2,1,1,1,1,1,1,0,1,1,1,1
Articuno,144,,90,85,95,100,125,85,1,0,0,1,0,Ice,Flying,1,2,1,2,0.5,1,1,1,0,1,1,0.5,4,1,1,1,2,1
Galarian Articuno,144-g,,90,85,125,85,100,95,1,0,0,1,0,Psychic,Flying,1,1,1,2,0.5,2,0.25,1,0,1,0.5,1,2,2,1,2,1,1
Zapdos,145,,90,90,125,85,90,100,1,0,0,1,0,Electric,Flying,1,1,1,1,0.5,2,0.5,1,0,0.5,1,0.5,2,1,1,1,0.5,1
Galarian Zapdos,145-g,,90,125,85,90,90,100,1,0,0,1,0,Fighting,Flying,1,1,1,2,0.5,2,0.5,1,0,2,2,0.25,1,1,1,0.5,1,2
Moltres,146,,90,100,125,90,85,90,1,0,0,1,0,Fire,Flying,1,0.5,2,2,0.25,1,0.5,1,0,1,1,0.25,4,1,1,1,0.5,0.5
Galarian Moltres,146-g,,90,85,100,90,125,90,1,0,0,1,0,Dark,Flying,1,1,1,2,0.5,2,1,1,0,1,0,1,2,0.5,1,0.5,1,2
Dratini,147,,41,64,50,45,50,50,0,0,1,0,0,Dragon,-,1,0.5,0.5,0.5,0.5,2,1,1,1,1,1,1,1,1,2,1,1,2
Dragonair,148,,61,84,70,65,70,70,0,0,1,0,0,Dragon,-,1,0.5,0.5,0.5,0.5,2,1,1,1,1,1,1,1,1,2,1,1,2
Dragonite,149,,91,134,100,95,100,80,0,0,1,1,0,Dragon,Flying,1,0.5,0.5,1,0.25,4,0.5,1,0,1,1,0.5,2,1,2,1,1,2
Mewtwo,150,,106,110,154,90,90,130,1,0,0,1,0,Psychic,-,1,1,1,1,1,1,0.5,1,1,1,0.5,2,1,2,1,2,1,1
Mew,151,,100,100,100,100,100,100,0,1,0,1,0,Psychic,-,1,1,1,1,1,1,0.5,1,1,1,0.5,2,1,2,1,2,1,1
Hoothoot,163,,60,30,36,30,56,50,0,0,0,0,0,Normal,Flying,1,1,1,2,0.5,2,1,1,0,1,1,0.5,2,0,1,1,1,1
Noctowl,164,,100,50,86,50,96,70,0,0,0,1,0,Normal,Flying,1,1,1,2,0.5,2,1,1,0,1,1,0.5,2,0,1,1,1,1
Crobat,169,,85,90,70,80,80,130,0,0,0,1,0,Poison,Flying,1,1,1,2,0.25,2,0.25,0.5,0,1,2,0.25,2,1,1,1,1,0.5
Chinchou,170,,75,38,56,38,56,67,0,0,0,0,0,Water,Electric,1,0.5,0.5,1,2,0.5,1,1,2,0.5,1,1,1,1,1,1,0.25,1
Lanturn,171,,125,58,76,58,76,67,0,0,0,1,0,Water,Electric,1,0.5,0.5,1,2,0.5,1,1,2,0.5,1,1,1,1,1,1,0.25,1
Pichu,172,,20,40,35,15,35,60,0,0,0,0,0,Electric,-,1,1,1,0.5,1,1,1,1,2,0.5,1,1,1,1,1,1,0.5,1
Cleffa,173,,50,25,45,28,55,15,0,0,0,0,0,Fairy,-,1,1,1,1,1,1,0.5,2,1,1,1,0.5,1,1,0,0.5,2,1
Igglybuff,174,,90,30,40,15,20,15,0,0,0,0,0,Normal,Fairy,1,1,1,1,1,1,1,2,1,1,1,0.5,1,0,0,0.5,2,1
Togepi,175,,35,20,40,65,65,20,0,0,0,0,0,Fairy,-,1,1,1,1,1,1,0.5,2,1,1,1,0.5,1,1,0,0.5,2,1
Togetic,176,,55,40,80,85,105,40,0,0,0,0,0,Fairy,Flying,1,1,1,2,0.5,2,0.25,2,0,1,1,0.25,2,1,0,0.5,2,1
Natu,177,,40,50,70,45,45,70,0,0,0,0,0,Psychic,Flying,1,1,1,2,0.5,2,0.25,1,0,1,0.5,1,2,2,1,2,1,1
Xatu,178,,65,75,95,70,70,95,0,0,0,1,0,Psychic,Flying,1,1,1,2,0.5,2,0.25,1,0,1,0.5,1,2,2,1,2,1,1
Bellossom,182,,75,80,90,95,100,50,0,0,0,1,0,Grass,-,1,2,0.5,0.5,0.5,2,1,2,0.5,2,1,2,1,1,1,1,1,1
Marill,183,,70,20,20,50,50,40,0,0,0,0,0,Water,Fairy,1,0.5,0.5,2,2,0.5,0.5,2,1,1,1,0.5,1,1,0,0.5,1,1
Azumarill,184,,100,50,60,80,80,50,0,0,0,1,0,Water,Fairy,1,0.5,0.5,2,2,0.5,0.5,2,1,1,1,0.5,1,1,0,0.5,1,1
Sudowoodo,185,,70,100,30,115,65,30,0,0,0,1,0,Rock,-,0.5,0.5,2,1,2,1,2,0.5,2,0.5,1,1,1,1,1,1,2,1
Politoed,186,,90,75,75,90,100,70,0,0,0,1,0,Rock,-,0.5,0.5,2,1,2,1,2,0.5,2,0.5,1,1,1,1,1,1,2,1
Wooper,194,,55,45,25,45,25,15,0,0,0,0,0,Water,Ground,1,0.5,1,0,4,1,1,0.5,1,1,1,1,0.5,1,1,1,0.5,1
Quagsire,195,,95,85,65,85,65,35,0,0,0,1,0,Water,Ground,1,0.5,1,0,4,1,1,0.5,1,1,1,1,0.5,1,1,1,0.5,1
Espeon,196,,65,65,130,60,95,110,0,0,0,1,0,Psychic,-,1,1,1,1,1,1,0.5,1,1,1,0.5,2,1,2,1,2,1,1
Umbreon,197,,95,65,60,110,130,65,0,0,0,1,0,Dark,-,1,1,1,1,1,1,2,1,1,1,0,2,1,0.5,1,0.5,1,2
Slowking,199,,95,75,100,80,110,30,0,0,0,1,0,Water,Psychic,1,0.5,0.5,2,2,0.5,0.5,1,1,1,0.5,2,1,2,1,2,0.5,1
Galarian Slowking,199-g,,95,65,110,80,110,30,0,0,0,1,0,Poison,Psychic,1,1,1,1,0.5,1,0.25,0.5,2,1,1,1,1,2,1,2,1,0.5
Wobbuffet,202,,190,33,33,58,58,33,0,0,0,1,0,Psychic,-,1,1,1,1,1,1,0.5,1,1,1,0.5,2,1,2,1,2,1,1
Dunsparce,206,,100,70,65,70,65,45,0,0,0,1,0,Normal,-,1,1,1,1,1,1,2,1,1,1,1,1,1,0,1,1,1,1
Steelix,208,,75,85,55,200,65,30,0,0,0,1,0,Steel,Ground,0.5,2,2,0,1,1,2,0,2,0.5,0.5,0.5,0.25,1,0.5,1,0.5,0.5
Qwilfish,211,,65,95,55,85,55,85,0,0,0,1,0,Water,Poison,1,0.5,0.5,2,1,0.5,0.5,0.5,2,1,2,0.5,1,1,1,1,0.5,0.5
Scizor,212,,70,130,55,100,80,65,0,0,0,1,0,Bug,Steel,0.5,4,1,1,0.25,0.5,1,0,1,1,0.5,0.5,1,1,0.5,1,0.5,0.5
Shuckle,213,,20,10,10,230,230,5,0,0,0,1,0,Bug,Rock,0.5,1,2,1,1,1,1,0.5,1,1,1,1,2,1,1,1,2,1
Heracross,214,,80,125,40,75,95,85,0,0,0,1,0,Bug,Fighting,1,2,1,1,0.5,1,0.5,1,0.5,4,2,0.5,1,1,1,0.5,1,2
Sneasel,215,,55,95,35,55,75,115,0,0,0,0,0,Dark,Ice,1,2,1,1,1,0.5,4,1,1,1,0,2,2,0.5,1,0.5,2,2
Swinub,220,,50,50,30,40,30,50,0,0,0,0,0,Ice,Ground,1,2,2,0,2,1,2,0.5,1,1,1,1,1,1,1,1,2,1
Piloswine,221,,100,100,60,80,60,50,0,0,0,0,0,Ice,Ground,1,2,2,0,2,1,2,0.5,1,1,1,1,1,1,1,1,2,1
Corsola,222,,65,55,65,95,95,35,0,0,0,1,0,Water,Rock,0.5,0.25,1,2,4,0.5,2,0.5,2,0.5,1,1,1,1,1,1,1,1
Galarian Corsola,222-g,,60,55,65,100,100,30,0,0,0,0,0,Ghost,-,0,1,1,1,1,1,0,0.5,1,1,1,0.5,1,2,1,2,1,1
Remoraid,223,,35,65,65,35,35,65,0,0,0,0,0,Water,-,1,0.5,0.5,2,2,0.5,1,1,1,1,1,1,1,1,1,1,0.5,1
Octillery,224,,75,105,105,75,75,45,0,0,0,2,0,Water,-,1,0.5,0.5,2,2,0.5,1,1,1,1,1,1,1,1,1,1,0.5,1
Delibird,225,,45,55,65,45,45,75,0,0,0,2,0,Ice,Flying,1,2,1,2,0.5,1,1,1,0,1,1,0.5,4,1,1,1,2,1
Mantine,226,,85,40,80,70,140,70,0,0,0,1,0,Water,Flying,1,0.5,0.5,4,1,1,0.5,1,0,1,1,0.5,2,1,1,1,0.5,1
Skarmory,227,,65,80,40,140,70,70,0,0,0,1,0,Steel,Flying,0.5,2,1,2,0.25,1,1,0,0,0.5,0.5,0.25,1,1,0.5,1,0.5,0.5
Kingdra,230,,75,95,95,95,95,85,0,0,0,1,0,Water,Dragon,1,0.25,0.25,1,1,1,1,1,1,1,1,1,1,1,2,1,0.5,2
Porygon2,233,,85,80,105,90,95,60,0,0,0,0,0,Normal,-,1,1,1,1,1,1,2,1,1,1,1,1,1,0,1,1,1,1
Tyrogue,236,,35,35,35,35,35,35,0,0,0,0,0,Fighting,-,1,1,1,1,1,1,1,1,1,2,2,0.5,0.5,1,1,0.5,1,2
Hitmontop,237,,50,95,35,95,110,70,0,0,0,1,0,Fighting,-,1,1,1,1,1,1,1,1,1,2,2,0.5,0.5,1,1,0.5,1,2
Smoochum,238,,45,30,85,15,65,65,0,0,0,0,0,Ice,Psychic,1,2,1,1,1,0.5,1,1,1,1,0.5,2,2,2,1,2,2,1
Elekid,239,,45,63,65,37,55,95,0,0,0,0,0,Electric,-,1,1,1,0.5,1,1,1,1,2,0.5,1,1,1,1,1,1,0.5,1
Magby,240,,45,75,70,37,55,83,0,0,0,0,0,Fire,-,1,0.5,2,1,0.5,0.5,1,1,2,1,1,0.5,2,1,1,1,0.5,0.5
Miltank,241,,95,80,40,105,70,100,0,0,0,1,0,Normal,-,1,1,1,1,1,1,2,1,1,1,1,1,1,0,1,1,1,1
Blissey,242,,255,10,75,10,135,55,0,0,0,1,0,Normal,-,1,1,1,1,1,1,2,1,1,1,1,1,1,0,1,1,1,1
Raikou,243,,90,85,115,75,100,115,1,0,0,1,0,Electric,-,1,1,1,0.5,1,1,1,1,2,0.5,1,1,1,1,1,1,0.5,1
Entei,244,,115,115,90,85,75,100,1,0,0,1,0,Fire,-,1,0.5,2,1,0.5,0.5,1,1,2,1,1,0.5,2,1,1,1,0.5,0.5
Suicune,245,,100,75,90,115,115,85,1,0,0,1,0,Water,-,1,0.5,0.5,2,2,0.5,1,1,1,1,1,1,1,1,1,1,0.5,1
Larvitar,246,,50,64,45,50,50,41,0,0,1,0,0,Rock,Ground,0.5,0.5,4,0,4,2,2,0.25,2,0.5,1,1,0.5,1,1,1,2,1
Pupitar,247,,70,84,65,70,70,51,0,0,1,0,0,Rock,Ground,0.5,0.5,4,0,4,2,2,0.25,2,0.5,1,1,0.5,1,1,1,2,1
Tyranitar,248,,100,134,95,110,100,61,0,0,1,1,0,Rock,Dark,0.5,0.5,2,1,2,1,4,0.5,2,0.5,0,2,1,0.5,1,0.5,2,2
Lugia,249,,106,90,90,130,154,110,1,0,0,1,0,Psychic,Flying,1,1,1,2,0.5,2,0.25,1,0,1,0.5,1,2,2,1,2,1,1
Ho-Oh,250,,106,130,110,90,154,90,1,0,0,1,0,Fire,Flying,1,0.5,2,2,0.25,1,0.5,1,0,1,1,0.25,4,1,1,1,0.5,0.5
Celebi,251,,100,100,100,100,100,100,0,1,0,1,0,Psychic,Grass,1,2,0.5,0.5,0.5,2,0.5,2,0.5,2,0.5,4,1,2,1,2,1,1
Treecko,252,,40,45,65,35,55,70,0,0,0,0,0,Grass,-,1,2,0.5,0.5,0.5,2,1,2,0.5,2,1,2,1,1,1,1,1,1
Grovyle,253,,50,65,85,45,65,95,0,0,0,0,0,Grass,-,1,2,0.5,0.5,0.5,2,1,2,0.5,2,1,2,1,1,1,1,1,1
Sceptile,254,,70,85,105,65,85,120,0,0,0,1,0,Grass,-,1,2,0.5,0.5,0.5,2,1,2,0.5,2,1,2,1,1,1,1,1,1
Torchic,255,,45,60,70,40,50,45,0,0,0,0,0,Fire,-,1,0.5,2,1,0.5,0.5,1,1,2,1,1,0.5,2,1,1,1,0.5,0.5
Combusken,256,,60,85,85,60,60,55,0,0,0,0,0,Fire,Fighting,1,0.5,2,1,0.5,0.5,1,1,2,2,2,0.25,1,1,1,0.5,0.5,1
Blaziken,257,,80,120,110,70,70,80,0,0,0,1,0,Fire,Fighting,1,0.5,2,1,0.5,0.5,1,1,2,2,2,0.25,1,1,1,0.5,0.5,1
Mudkip,258,,50,70,50,50,50,40,0,0,0,0,0,Water,-,1,0.5,0.5,2,2,0.5,1,1,1,1,1,1,1,1,1,1,0.5,1
Marshtomp,259,,70,85,60,70,70,50,0,0,0,0,0,Water,Ground,1,0.5,1,0,4,1,1,0.5,1,1,1,1,0.5,1,1,1,0.5,1
Swampert,260,,100,110,85,90,90,60,0,0,0,1,0,Water,Ground,1,0.5,1,0,4,1,1,0.5,1,1,1,1,0.5,1,1,1,0.5,1
Zigzagoon,263,,38,30,30,41,41,60,0,0,0,0,0,Normal,-,1,1,1,1,1,1,2,1,1,1,1,1,1,0,1,1,1,1
Galarian Zigzagoon,263-g,,38,30,30,41,41,60,0,0,0,0,0,Dark,Normal,1,1,1,1,1,1,4,1,1,1,0,2,1,0,1,0.5,1,2
Linoone,264,,78,70,50,61,61,100,0,0,0,1,0,Normal,-,1,1,1,1,1,1,2,1,1,1,1,1,1,0,1,1,1,1
Galarian Linoone,264-g,,78,70,50,61,61,100,0,0,0,0,0,Dark,Normal,1,1,1,1,1,1,4,1,1,1,0,2,1,0,1,0.5,1,2
Lotad,270,,40,30,40,30,50,30,0,0,0,0,0,Water,Grass,1,1,0.25,1,1,1,1,2,0.5,2,1,2,1,1,1,1,0.5,1
Lombre,271,,60,50,60,50,70,50,0,0,0,0,0,Water,Grass,1,1,0.25,1,1,1,1,2,0.5,2,1,2,1,1,1,1,0.5,1
Ludicolo,272,,80,70,90,70,100,70,0,0,0,1,0,Water,Grass,1,1,0.25,1,1,1,1,2,0.5,2,1,2,1,1,1,1,0.5,1
Seedot,273,,40,40,30,50,30,30,0,0,0,0,0,Grass,-,1,2,0.5,0.5,0.5,2,1,2,0.5,2,1,2,1,1,1,1,1,1
Nuzleaf,274,,70,70,60,40,40,60,0,0,0,0,0,Grass,Dark,1,2,0.5,0.5,0.5,2,2,2,0.5,2,0,4,1,0.5,1,0.5,1,2
Shiftry,275,,90,100,90,60,60,80,0,0,0,1,0,Grass,Dark,1,2,0.5,0.5,0.5,2,2,2,0.5,2,0,4,1,0.5,1,0.5,1,2
Wingull,278,,40,30,55,30,30,85,0,0,0,0,0,Water,Flying,1,0.5,0.5,4,1,1,0.5,1,0,1,1,0.5,2,1,1,1,0.5,1
Pelipper,279,,60,50,95,100,70,65,0,0,0,1,0,Water,Flying,1,0.5,0.5,4,1,1,0.5,1,0,1,1,0.5,2,1,1,1,0.5,1
Ralts,280,,28,25,45,25,35,40,0,0,0,0,0,Psychic,Fairy,1,1,1,1,1,1,0.25,2,1,1,0.5,1,1,2,0,1,2,1
Kirlia,281,,38,35,65,35,55,50,0,0,0,0,0,Psychic,Fairy,1,1,1,1,1,1,0.25,2,1,1,0.5,1,1,2,0,1,2,1
Gardevoir,282,,68,65,125,65,115,80,0,0,0,1,0,Psychic,Fairy,1,1,1,1,1,1,0.25,2,1,1,0.5,1,1,2,0,1,2,1
Nincada,290,,31,45,30,90,30,40,0,0,0,0,0,Bug,Ground,1,2,2,0,1,2,0.5,0.5,0.5,2,1,1,1,1,1,1,1,1
Ninjask,291,,61,90,50,45,50,160,0,0,0,1,0,Bug,Flying,1,2,1,2,0.25,2,0.25,1,0,2,1,0.5,4,1,1,1,1,1
Shedinja,292,,1,90,30,45,30,40,0,0,0,1,0,Bug,Ghost,0,2,1,1,0.5,1,0,0.5,0.5,2,1,0.5,2,2,1,2,1,1
Whismur,293,,64,51,51,23,23,28,0,0,0,0,0,Normal,-,1,1,1,1,1,1,2,1,1,1,1,1,1,0,1,1,1,1
Loudred,294,,84,71,71,43,43,48,0,0,0,0,0,Normal,-,1,1,1,1,1,1,2,1,1,1,1,1,1,0,1,1,1,1
Exploud,295,,104,91,91,63,73,68,0,0,0,1,0,Normal,-,1,1,1,1,1,1,2,1,1,1,1,1,1,0,1,1,1,1
Azurill,298,,50,20,20,40,40,20,0,0,0,0,0,Normal,Fairy,1,1,1,1,1,1,1,2,1,1,1,0.5,1,0,0,0.5,2,1
Sableye,302,,50,75,65,75,65,50,0,0,0,1,0,Dark,Ghost,0,1,1,1,1,1,0,0.5,1,1,0,1,1,1,1,1,1,2
Mawile,303,,50,85,55,85,55,50,0,0,0,1,0,Steel,Fairy,0.5,2,1,1,0.5,0.5,1,0,2,0.5,0.5,0.25,0.5,1,0,0.5,1,0.5
Aron,304,,50,70,40,100,40,30,0,0,0,0,0,Steel,Rock,0.25,1,2,1,1,0.5,4,0,4,0.25,0.5,0.5,0.5,1,0.5,1,1,0.5
Lairon,305,,60,90,50,140,50,40,0,0,0,0,0,Steel,Rock,0.25,1,2,1,1,0.5,4,0,4,0.25,0.5,0.5,0.5,1,0.5,1,1,0.5
Aggron,306,,70,110,60,180,60,50,0,0,0,1,0,Steel,Rock,0.25,1,2,1,1,0.5,4,0,4,0.25,0.5,0.5,0.5,1,0.5,1,1,0.5
Electrike,309,,40,45,65,40,40,65,0,0,0,0,0,Electric,-,1,1,1,0.5,1,1,1,1,2,0.5,1,1,1,1,1,1,0.5,1
Manectric,310,,70,75,105,60,60,105,0,0,0,1,0,Electric,-,1,1,1,0.5,1,1,1,1,2,0.5,1,1,1,1,1,1,0.5,1
Roselia,315,,50,60,100,45,80,65,0,0,0,0,0,Grass,Poison,1,2,0.5,0.5,0.25,2,0.5,1,1,2,2,1,1,1,1,1,1,0.5
Carvanha,318,,45,90,65,20,20,65,0,0,0,0,0,Water,Dark,1,0.5,0.5,2,2,0.5,2,1,1,1,0,2,1,0.5,1,0.5,0.5,2
Sharpedo,319,,70,120,95,40,40,95,0,0,0,1,0,Water,Dark,1,0.5,0.5,2,2,0.5,2,1,1,1,0,2,1,0.5,1,0.5,0.5,2
Wailmer,320,,130,70,70,35,35,60,0,0,0,0,0,Water,-,1,0.5,0.5,2,2,0.5,1,1,1,1,1,1,1,1,1,1,0.5,1
Wailord,321,,170,90,90,45,45,60,0,0,0,1,0,Water,-,1,0.5,0.5,2,2,0.5,1,1,1,1,1,1,1,1,1,1,0.5,1
Torkoal,324,,70,85,85,140,70,20,0,0,0,1,0,Fire,-,1,0.5,2,1,0.5,0.5,1,1,2,1,1,0.5,2,1,1,1,0.5,0.5
Trapinch,328,,45,100,45,45,45,10,0,0,0,0,0,Ground,-,1,1,2,0,2,2,1,0.5,1,1,1,1,0.5,1,1,1,1,1
Vibrava,329,,50,70,50,50,50,70,0,0,0,0,0,Ground,Dragon,1,0.5,1,0,1,4,1,0.5,1,1,1,1,0.5,1,2,1,1,2
Flygon,330,,80,100,80,80,80,100,0,0,0,1,0,Ground,Dragon,1,0.5,1,0,1,4,1,0.5,1,1,1,1,0.5,1,2,1,1,2
Swablu,333,,45,40,40,60,75,50,0,0,0,0,0,Normal,Flying,1,1,1,2,0.5,2,1,1,0,1,1,0.5,2,0,1,1,1,1
Altaria,334,,75,70,70,90,105,80,0,0,0,1,0,Dragon,Flying,1,0.5,0.5,1,0.25,4,0.5,1,0,1,1,0.5,2,1,2,1,1,2
Lunatone,337,,90,55,95,65,85,70,0,0,0,1,0,Rock,Psychic,0.5,0.5,2,1,2,1,1,0.5,2,0.5,0.5,2,1,2,1,2,2,1
Solrock,338,,90,95,55,85,65,70,0,0,0,1,0,Rock,Psychic,0.5,0.5,2,1,2,1,1,0.5,2,0.5,0.5,2,1,2,1,2,2,1
Barboach,339,,50,48,46,43,41,60,0,0,0,0,0,Water,Ground,1,0.5,1,0,4,1,1,0.5,1,1,1,1,0.5,1,1,1,0.5,1
Whiscash,340,,110,78,76,73,71,60,0,0,0,1,0,Water,Ground,1,0.5,1,0,4,1,1,0.5,1,1,1,1,0.5,1,1,1,0.5,1
Corphish,341,,43,80,50,65,35,35,0,0,0,0,0,Water,-,1,0.5,0.5,2,2,0.5,1,1,1,1,1,1,1,1,1,1,0.5,1
Crawdaunt,342,,63,120,90,85,55,55,0,0,0,1,0,Water,Dark,1,0.5,0.5,2,2,0.5,2,1,1,1,0,2,1,0.5,1,0.5,0.5,2
Baltoy,343,,40,40,40,55,70,55,0,0,0,0,0,Ground,Psychic,1,1,2,0,2,2,0.5,0.5,1,1,0.5,2,0.5,2,1,2,1,1
Claydol,344,,60,70,70,105,120,75,0,0,0,1,0,Ground,Psychic,1,1,2,0,2,2,0.5,0.5,1,1,0.5,2,0.5,2,1,2,1,1
Lileep,345,,66,41,61,77,87,23,0,0,0,0,0,Rock,Grass,0.5,1,1,0.5,1,2,2,1,1,1,1,2,1,1,1,1,2,1
Cradily,346,,86,81,81,97,107,43,0,0,0,1,0,Rock,Grass,0.5,1,1,0.5,1,2,2,1,1,1,1,2,1,1,1,1,2,1
Anorith,347,,45,95,40,50,50,75,0,0,0,0,0,Rock,Bug,0.5,1,2,1,1,1,1,0.5,1,1,1,1,2,1,1,1,2,1
Armaldo,348,,75,125,70,100,80,45,0,0,0,1,0,Rock,Bug,0.5,1,2,1,1,1,1,0.5,1,1,1,1,2,1,1,1,2,1
Feebas,349,,20,15,10,20,55,80,0,0,0,0,0,Water,-,1,0.5,0.5,2,2,0.5,1,1,1,1,1,1,1,1,1,1,0.5,1
Milotic,350,,95,60,100,79,125,81,0,0,0,1,0,Water,-,1,0.5,0.5,2,2,0.5,1,1,1,1,1,1,1,1,1,1,0.5,1
Duskull,355,,20,40,30,90,90,25,0,0,0,0,0,Ghost,-,0,1,1,1,1,1,0,0.5,1,1,1,0.5,1,2,1,2,1,1
Dusclops,356,,40,70,60,130,130,25,0,0,0,0,0,Ghost,-,0,1,1,1,1,1,0,0.5,1,1,1,0.5,1,2,1,2,1,1
Absol,359,,65,130,75,60,60,75,0,0,0,1,0,Dark,-,1,1,1,1,1,1,2,1,1,1,0,2,1,0.5,1,0.5,1,2
Wynaut,360,,95,23,23,48,48,23,0,0,0,0,0,Psychic,-,1,1,1,1,1,1,0.5,1,1,1,0.5,2,1,2,1,2,1,1
Snorunt,361,,50,50,50,50,50,50,0,0,0,0,0,Ice,-,1,2,1,1,1,0.5,2,1,1,1,1,1,2,1,1,1,2,1
Glalie,362,,80,80,80,80,80,80,0,0,0,1,0,Ice,-,1,2,1,1,1,0.5,2,1,1,1,1,1,2,1,1,1,2,1
Spheal,363,,70,40,55,50,50,25,0,0,0,0,0,Ice,Water,1,1,0.5,2,2,0.25,2,1,1,1,1,1,2,1,1,1,1,1
Sealeo,364,,90,60,75,70,70,45,0,0,0,0,0,Ice,Water,1,1,0.5,2,2,0.25,2,1,1,1,1,1,2,1,1,1,1,1
Walrein,365,,110,80,95,90,90,65,0,0,0,1,0,Ice,Water,1,1,0.5,2,2,0.25,2,1,1,1,1,1,2,1,1,1,1,1
Relicanth,369,,100,90,45,130,65,55,0,0,0,1,0,Water,Rock,0.5,0.25,1,2,4,0.5,2,0.5,2,0.5,1,1,1,1,1,1,1,1
Bagon,371,,45,75,40,60,30,50,0,0,1,0,0,Dragon,-,1,0.5,0.5,0.5,0.5,2,1,1,1,1,1,1,1,1,2,1,1,2
Shelgon,372,,65,95,60,100,50,50,0,0,1,0,0,Dragon,-,1,0.5,0.5,0.5,0.5,2,1,1,1,1,1,1,1,1,2,1,1,2
Salamence,373,,95,135,110,80,80,100,0,0,1,1,0,Dragon,Flying,1,0.5,0.5,1,0.25,4,0.5,1,0,1,1,0.5,2,1,2,1,1,2
Beldum,374,,40,55,35,80,60,30,0,0,1,0,0,Steel,Psychic,0.5,2,1,1,0.5,0.5,1,0,2,0.5,0.25,1,0.5,2,0.5,2,0.5,0.5
Metang,375,,60,75,55,100,80,50,0,0,1,0,0,Steel,Psychic,0.5,2,1,1,0.5,0.5,1,0,2,0.5,0.25,1,0.5,2,0.5,2,0.5,0.5
Metagross,376,,80,135,95,130,90,70,0,0,1,1,0,Steel,Psychic,0.5,2,1,1,0.5,0.5,1,0,2,0.5,0.25,1,0.5,2,0.5,2,0.5,0.5
Regirock,377,,80,100,50,200,100,50,1,0,0,1,0,Rock,-,0.5,0.5,2,1,2,1,2,0.5,2,0.5,1,1,1,1,1,1,2,1
Regice,378,,80,50,100,100,200,50,1,0,0,1,0,Ice,-,1,2,1,1,1,0.5,2,1,1,1,1,1,2,1,1,1,2,1
Registeel,379,,80,75,75,150,150,50,1,0,0,1,0,Steel,-,0.5,2,1,1,0.5,0.5,2,0,2,0.5,0.5,0.5,0.5,1,0.5,1,0.5,0.5
Latias,380,,80,80,110,90,130,110,1,0,0,1,0,Dragon,Psychic,1,0.5,0.5,0.5,0.5,2,0.5,1,1,1,0.5,2,1,2,2,2,1,2
Latios,381,,80,90,130,80,110,110,1,0,0,1,0,Dragon,Psychic,1,0.5,0.5,0.5,0.5,2,0.5,1,1,1,0.5,2,1,2,2,2,1,2
Kyogre,382,,100,100,150,90,140,90,1,0,0,1,0,Water,-,1,0.5,0.5,2,2,0.5,1,1,1,1,1,1,1,1,1,1,0.5,1
Groudon,383,,100,150,100,140,90,90,1,0,0,1,0,Ground,-,1,1,2,0,2,2,1,0.5,1,1,1,1,0.5,1,1,1,1,1
Rayquaza,384,,105,150,150,90,90,95,1,0,0,1,0,Dragon,Flying,1,0.5,0.5,1,0.25,4,0.5,1,0,1,1,0.5,2,1,2,1,1,2
Jirachi,385,,100,100,100,100,100,100,0,1,0,1,0,Steel,Psychic,0.5,2,1,1,0.5,0.5,1,0,2,0.5,0.25,1,0.5,2,0.5,2,0.5,0.5
Shinx,403,,45,65,40,34,34,45,0,0,0,0,0,Electric,-,1,1,1,0.5,1,1,1,1,2,0.5,1,1,1,1,1,1,0.5,1
Luxio,404,,60,85,60,49,49,60,0,0,0,0,0,Electric,-,1,1,1,0.5,1,1,1,1,2,0.5,1,1,1,1,1,1,0.5,1
Luxray,405,,80,120,95,79,79,70,0,0,0,1,0,Electric,-,1,1,1,0.5,1,1,1,1,2,0.5,1,1,1,1,1,1,0.5,1
Budew,406,,40,30,50,35,70,55,0,0,0,0,0,Grass,Poison,1,2,0.5,0.5,0.25,2,0.5,1,1,2,2,1,1,1,1,1,1,0.5
Roserade,407,,60,70,125,65,105,90,0,0,0,1,0,Grass,Poison,1,2,0.5,0.5,0.25,2,0.5,1,1,2,2,1,1,1,1,1,1,0.5
Combee,415,,30,30,30,42,42,70,0,0,0,0,0,Bug,Flying,1,2,1,2,0.25,2,0.25,1,0,2,1,0.5,4,1,1,1,1,1
Vespiquen,416,,70,80,80,102,102,40,0,0,0,1,0,Bug,Flying,1,2,1,2,0.25,2,0.25,1,0,2,1,0.5,4,1,1,1,1,1
Cherubi,420,,45,35,62,45,53,35,0,0,0,0,0,Grass,-,1,2,0.5,0.5,0.5,2,1,2,0.5,2,1,2,1,1,1,1,1,1
Cherrim,421,,70,60,87,70,78,85,0,0,0,1,0,Grass,-,1,2,0.5,0.5,0.5,2,1,2,0.5,2,1,2,1,1,1,1,1,1
Shellos,422,,76,48,57,48,62,34,0,0,0,0,0,Water,-,1,0.5,0.5,2,2,0.5,1,1,1,1,1,1,1,1,1,1,0.5,1
Gastrodon,423,,111,83,92,68,82,39,0,0,0,1,0,Water,Ground,1,0.5,1,0,4,1,1,0.5,1,1,1,1,0.5,1,1,1,0.5,1
Drifloon,425,,90,50,60,34,44,70,0,0,0,0,0,Ghost,Flying,0,1,1,2,0.5,2,0,0.5,0,1,1,0.25,2,2,1,2,1,1
Drifblim,426,,150,80,90,44,54,80,0,0,0,1,0,Ghost,Flying,0,1,1,2,0.5,2,0,0.5,0,1,1,0.25,2,2,1,2,1,1
Buneary,427,,55,66,44,44,56,85,0,0,0,0,0,Normal,-,1,1,1,1,1,1,2,1,1,1,1,1,1,0,1,1,1,1
Lopunny,428,,65,76,54,84,96,105,0,0,0,1,0,Normal,-,1,1,1,1,1,1,2,1,1,1,1,1,1,0,1,1,1,1
Stunky,434,,63,63,41,47,41,74,0,0,0,0,0,Poison,Dark,1,1,1,1,0.5,1,1,0.5,2,1,0,1,1,0.5,1,0.5,1,1
Skuntank,435,,103,93,71,67,61,84,0,0,0,1,0,Poison,Dark,1,1,1,1,0.5,1,1,0.5,2,1,0,1,1,0.5,1,0.5,1,1
Bronzor,436,,57,24,24,86,86,23,0,0,0,0,0,Steel,Psychic,0.5,2,1,1,0.5,0.5,1,0,2,0.5,0.25,1,0.5,2,0.5,2,0.5,0.5
Bronzong,437,,67,89,79,116,116,33,0,0,0,1,0,Steel,Psychic,0.5,2,1,1,0.5,0.5,1,0,2,0.5,0.25,1,0.5,2,0.5,2,0.5,0.5
Bonsly,438,,50,80,10,95,45,10,0,0,0,0,0,Rock,-,0.5,0.5,2,1,2,1,2,0.5,2,0.5,1,1,1,1,1,1,2,1
Mime Jr.,439,,20,25,70,45,90,60,0,0,0,0,0,Psychic,Fairy,1,1,1,1,1,1,0.25,2,1,1,0.5,1,1,2,0,1,2,1
Happiny,440,,100,5,15,5,65,30,0,0,0,0,0,Normal,-,1,1,1,1,1,1,2,1,1,1,1,1,1,0,1,1,1,1
Spiritomb,442,,50,92,92,108,108,35,0,0,0,1,0,Ghost,Dark,0,1,1,1,1,1,0,0.5,1,1,0,1,1,1,1,1,1,2
Gible,443,,58,70,40,45,45,42,0,0,1,0,0,Dragon,Ground,1,0.5,1,0,1,4,1,0.5,1,1,1,1,0.5,1,2,1,1,2
Gabite,444,,68,90,50,65,55,82,0,0,1,0,0,Dragon,Ground,1,0.5,1,0,1,4,1,0.5,1,1,1,1,0.5,1,2,1,1,2
Garchomp,445,,108,130,80,95,85,102,0,0,1,1,0,Dragon,Ground,1,0.5,1,0,1,4,1,0.5,1,1,1,1,0.5,1,2,1,1,2
Munchlax,446,,135,85,40,40,85,5,0,0,0,0,0,Normal,-,1,1,1,1,1,1,2,1,1,1,1,1,1,0,1,1,1,1
Riolu,447,,40,70,35,40,40,60,0,0,0,0,0,Fighting,-,1,1,1,1,1,1,1,1,1,2,2,0.5,0.5,1,1,0.5,1,2
Lucario,448,,70,110,115,70,70,90,0,0,0,1,0,Fighting,Steel,0.5,2,1,1,0.5,0.5,2,0,2,1,1,0.25,0.25,1,0.5,0.5,0.5,1
Hippopotas,449,,68,72,38,78,42,32,0,0,0,0,0,Ground,-,1,1,2,0,2,2,1,0.5,1,1,1,1,0.5,1,1,1,1,1
Hippowdon,450,,108,112,68,118,72,47,0,0,0,1,0,Ground,-,1,1,2,0,2,2,1,0.5,1,1,1,1,0.5,1,1,1,1,1
Skorupi,451,,40,50,30,90,55,65,0,0,0,0,0,Poison,Bug,1,2,1,1,0.25,1,0.25,0.5,1,2,2,0.5,2,1,1,1,1,0.5
Drapion,452,,70,90,60,110,75,95,0,0,0,1,0,Poison,Dark,1,1,1,1,0.5,1,1,0.5,2,1,0,1,1,0.5,1,0.5,1,1
Croagunk,453,,48,61,61,40,40,50,0,0,0,0,0,Poison,Fighting,1,1,1,1,0.5,1,0.5,0.5,2,2,4,0.25,0.5,1,1,0.5,1,1
Toxicroak,454,,83,106,86,65,65,85,0,0,0,1,0,Poison,Fighting,1,1,1,1,0.5,1,0.5,0.5,2,2,4,0.25,0.5,1,1,0.5,1,1
Mantyke,458,,45,20,60,50,120,50,0,0,0,0,0,Water,Flying,1,0.5,0.5,4,1,1,0.5,1,0,1,1,0.5,2,1,1,1,0.5,1
Snover,459,,60,62,62,50,60,40,0,0,0,0,0,Grass,Ice,1,4,0.5,0.5,0.5,1,2,2,0.5,2,1,2,2,1,1,1,2,1
Abomasnow,460,,90,92,92,75,85,60,0,0,0,1,0,Grass,Ice,1,4,0.5,0.5,0.5,1,2,2,0.5,2,1,2,2,1,1,1,2,1
Weavile,461,,70,120,45,65,85,125,0,0,0,1,0,Dark,Ice,1,2,1,1,1,0.5,4,1,1,1,0,2,2,0.5,1,0.5,2,2
Magnezone,462,,70,70,130,115,90,60,0,0,0,1,0,Electric,Steel,0.5,2,1,0.5,0.5,0.5,2,0,4,0.25,0.5,0.5,0.5,1,0.5,1,0.25,0.5
Lickilicky,463,,110,85,80,95,95,50,0,0,0,1,0,Normal,-,1,1,1,1,1,1,2,1,1,1,1,1,1,0,1,1,1,1
Rhyperior,464,,115,140,55,130,55,40,0,0,0,1,0,Ground,Rock,0.5,0.5,4,0,4,2,2,0.25,2,0.5,1,1,0.5,1,1,1,2,1
Tangrowth,465,,100,100,110,125,50,50,0,0,0,1,0,Grass,-,1,2,0.5,0.5,0.5,2,1,2,0.5,2,1,2,1,1,1,1,1,1
Electivire,466,,75,123,95,67,85,95,0,0,0,1,0,Electric,-,1,1,1,0.5,1,1,1,1,2,0.5,1,1,1,1,1,1,0.5,1
Magmortar,467,,75,95,125,67,95,83,0,0,0,1,0,Fire,-,1,0.5,2,1,0.5,0.5,1,1,2,1,1,0.5,2,1,1,1,0.5,0.5
Togekiss,468,,85,50,120,95,115,80,0,0,0,1,0,Fairy,Flying,1,1,1,2,0.5,2,0.25,2,0,1,1,0.25,2,1,0,0.5,2,1
Leafeon,470,,65,110,60,130,65,95,0,0,0,1,0,Grass,-,1,2,0.5,0.5,0.5,2,1,2,0.5,2,1,2,1,1,1,1,1,1
Glaceon,471,,65,60,130,110,95,65,0,0,0,1,0,Ice,-,1,2,1,1,1,0.5,2,1,1,1,1,1,2,1,1,1,2,1
Mamoswine,473,,110,130,70,80,60,80,0,0,0,1,0,Ice,Ground,1,2,2,0,2,1,2,0.5,1,1,1,1,1,1,1,1,2,1
Porygon-Z,474,,85,80,135,70,75,90,0,0,0,1,0,Normal,-,1,1,1,1,1,1,2,1,1,1,1,1,1,0,1,1,1,1
Gallade,475,,68,125,65,65,115,80,0,0,0,1,0,Psychic,Fighting,1,1,1,1,1,1,0.5,1,1,2,1,1,0.5,2,1,1,1,2
Dusknoir,477,,45,100,65,135,135,45,0,0,0,1,0,Ghost,-,0,1,1,1,1,1,0,0.5,1,1,1,0.5,1,2,1,2,1,1
Froslass,478,,70,80,80,70,70,110,0,0,0,1,0,Ice,Ghost,0,2,1,1,1,0.5,0,0.5,1,1,1,0.5,2,2,1,2,2,1
Rotom,479,,50,50,95,77,77,91,0,0,0,1,0,Ghost,Electric,0,1,1,0.5,1,1,0,0.5,2,0.5,1,0.5,1,2,1,2,0.5,1
Rotom (Frost),479,479f,50,65,105,107,107,86,0,0,0,1,0,Electric,Ice,1,2,1,0.5,1,0.5,2,1,2,0.5,1,1,2,1,1,1,1,1
Rotom (Heat),479,479h,50,65,105,107,107,86,0,0,0,1,0,Electric,Fire,1,0.5,2,0.5,0.5,0.5,1,1,4,0.5,1,0.5,2,1,1,1,0.25,0.5
Rotom (Mow),479,479m,50,65,105,107,107,86,0,0,0,1,0,Electric,Grass,1,2,0.5,0.25,0.5,2,1,2,1,1,1,2,1,1,1,1,0.5,1
Rotom (Fan),479,479s,50,65,105,107,107,86,0,0,0,1,0,Electric,Flying,1,1,1,1,0.5,2,0.5,1,0,0.5,1,0.5,2,1,1,1,0.5,1
Rotom (Wash),479,479w,50,65,105,107,107,86,0,0,0,1,0,Electric,Water,1,0.5,0.5,1,2,0.5,1,1,2,0.5,1,1,1,1,1,1,0.25,1
Uxie,480,,75,75,75,130,130,95,1,0,0,1,0,Psychic,-,1,1,1,1,1,1,0.5,1,1,1,0.5,2,1,2,1,2,1,1
Mesprit,481,,80,105,105,105,105,80,1,0,0,1,0,Psychic,-,1,1,1,1,1,1,0.5,1,1,1,0.5,2,1,2,1,2,1,1
Azelf,482,,75,125,125,70,70,115,1,0,0,1,0,Psychic,-,1,1,1,1,1,1,0.5,1,1,1,0.5,2,1,2,1,2,1,1
Dialga,483,,100,120,150,120,100,90,1,0,0,1,0,Steel,Dragon,0.5,1,0.5,0.5,0.25,1,2,0,2,0.5,0.5,0.5,0.5,1,1,1,0.5,1
Palkia,484,,90,120,150,100,120,100,1,0,0,1,0,Water,Dragon,1,0.25,0.25,1,1,1,1,1,1,1,1,1,1,1,2,1,0.5,2
Heatran,485,,91,90,130,106,106,77,1,0,0,1,0,Fire,Steel,0.5,1,2,1,0.25,0.25,2,0,4,0.5,0.5,0.25,1,1,0.5,1,0.25,0.25
Regigigas,486,,110,160,80,110,110,100,1,0,0,1,0,Normal,-,1,1,1,1,1,1,2,1,1,1,1,1,1,0,1,1,1,1
Giratina (Altered),487,,150,100,100,120,120,90,1,0,0,1,0,Ghost,Dragon,1,0.5,0.5,0.5,0.5,2,0,0.5,1,1,1,0.5,1,2,2,2,1,2
Giratina (Origin),487,,150,120,120,100,100,90,1,0,0,1,0,Ghost,Dragon,1,0.5,0.5,0.5,0.5,2,0,0.5,1,1,1,0.5,1,2,2,2,1,2
Cresselia,488,,120,70,75,120,130,85,1,0,0,1,0,Psychic,-,1,1,1,1,1,1,0.5,1,1,1,0.5,2,1,2,1,2,1,1
Victini,494,,100,100,100,100,100,100,0,1,0,1,0,Psychic,Fire,1,0.5,2,1,0.5,0.5,0.5,1,2,1,0.5,1,2,2,1,2,0.5,0.5
Lillipup,506,,45,60,25,45,45,55,0,0,0,0,0,Normal,-,1,1,1,1,1,1,2,1,1,1,1,1,1,0,1,1,1,1
Herdier,507,,65,80,35,65,65,60,0,0,0,0,0,Normal,-,1,1,1,1,1,1,2,1,1,1,1,1,1,0,1,1,1,1
Stoutland,508,,85,110,45,90,90,80,0,0,0,1,0,Normal,-,1,1,1,1,1,1,2,1,1,1,1,1,1,0,1,1,1,1
Purrloin,509,,41,50,50,37,37,66,0,0,0,0,0,Dark,-,1,1,1,1,1,1,2,1,1,1,0,2,1,0.5,1,0.5,1,2
Liepard,510,,64,88,88,50,50,106,0,0,0,1,0,Dark,-,1,1,1,1,1,1,2,1,1,1,0,2,1,0.5,1,0.5,1,2
Munna,517,,76,25,67,45,55,24,0,0,0,0,0,Psychic,-,1,1,1,1,1,1,0.5,1,1,1,0.5,2,1,2,1,2,1,1
Musharna,518,,116,55,107,85,95,29,0,0,0,1,0,Psychic,-,1,1,1,1,1,1,0.5,1,1,1,0.5,2,1,2,1,2,1,1
Pidove,519,,50,55,36,50,30,43,0,0,0,0,0,Normal,Flying,1,1,1,2,0.5,2,1,1,0,1,1,0.5,2,0,1,1,1,1
Tranquill,520,,62,77,50,62,42,65,0,0,0,0,0,Normal,Flying,1,1,1,2,0.5,2,1,1,0,1,1,0.5,2,0,1,1,1,1
Unfezant,521,,80,115,65,80,55,93,0,0,0,1,0,Normal,Flying,1,1,1,2,0.5,2,1,1,0,1,1,0.5,2,0,1,1,1,1
Roggenrola,524,,55,75,25,85,25,15,0,0,0,0,0,Rock,-,0.5,0.5,2,1,2,1,2,0.5,2,0.5,1,1,1,1,1,1,2,1
Boldore,525,,70,105,50,105,40,20,0,0,0,0,0,Rock,-,0.5,0.5,2,1,2,1,2,0.5,2,0.5,1,1,1,1,1,1,2,1
Gigalith,526,,85,135,60,130,80,25,0,0,0,1,0,Rock,-,0.5,0.5,2,1,2,1,2,0.5,2,0.5,1,1,1,1,1,1,2,1
Woobat,527,,65,45,55,43,43,72,0,0,0,0,0,Psychic,Flying,1,1,1,2,0.5,2,0.25,1,0,1,0.5,1,2,2,1,2,1,1
Swoobat,528,,67,57,77,55,55,114,0,0,0,1,0,Psychic,Flying,1,1,1,2,0.5,2,0.25,1,0,1,0.5,1,2,2,1,2,1,1
Drilbur,529,,60,85,30,40,45,68,0,0,0,0,0,Ground,-,1,1,2,0,2,2,1,0.5,1,1,1,1,0.5,1,1,1,1,1
Excadrill,530,,110,135,50,60,65,88,0,0,0,1,0,Ground,Steel,0.5,2,2,0,1,1,2,0,2,0.5,0.5,0.5,0.25,1,0.5,1,0.5,0.5
Audino,531,,103,60,60,86,86,50,0,0,0,1,0,Normal,-,1,1,1,1,1,1,2,1,1,1,1,1,1,0,1,1,1,1
Timburr,532,,75,80,25,55,35,35,0,0,0,0,0,Fighting,-,1,1,1,1,1,1,1,1,1,2,2,0.5,0.5,1,1,0.5,1,2
Gurdurr,533,,85,105,40,85,50,40,0,0,0,0,0,Fighting,-,1,1,1,1,1,1,1,1,1,2,2,0.5,0.5,1,1,0.5,1,2
Conkeldurr,534,,105,140,55,95,65,45,0,0,0,1,0,Fighting,-,1,1,1,1,1,1,1,1,1,2,2,0.5,0.5,1,1,0.5,1,2
Tympole,535,,50,50,50,40,40,64,0,0,0,0,0,Water,-,1,0.5,0.5,2,2,0.5,1,1,1,1,1,1,1,1,1,1,0.5,1
Palpitoad,536,,75,65,65,55,55,69,0,0,0,0,0,Water,Ground,1,0.5,1,0,4,1,1,0.5,1,1,1,1,0.5,1,1,1,0.5,1
Seismitoad,537,,105,95,85,75,75,74,0,0,0,1,0,Water,Ground,1,0.5,1,0,4,1,1,0.5,1,1,1,1,0.5,1,1,1,0.5,1
Throh,538,,120,100,30,85,85,45,0,0,0,1,0,Fighting,-,1,1,1,1,1,1,1,1,1,2,2,0.5,0.5,1,1,0.5,1,2
Sawk,539,,75,125,30,75,75,85,0,0,0,1,0,Fighting,-,1,1,1,1,1,1,1,1,1,2,2,0.5,0.5,1,1,0.5,1,2
Venipede,543,,30,45,30,59,39,57,0,0,0,0,0,Bug,Poison,1,2,1,1,0.25,1,0.25,0.5,1,2,2,0.5,2,1,1,1,1,0.5
Whirlipede,544,,40,55,40,99,79,47,0,0,0,0,0,Bug,Poison,1,2,1,1,0.25,1,0.25,0.5,1,2,2,0.5,2,1,1,1,1,0.5
Scolipede,545,,60,100,55,89,69,112,0,0,0,1,0,Bug,Poison,1,2,1,1,0.25,1,0.25,0.5,1,2,2,0.5,2,1,1,1,1,0.5
Cottonee,546,,40,27,37,60,50,66,0,0,0,0,0,Grass,Fairy,1,2,0.5,0.5,0.5,2,0.5,4,0.5,2,1,1,1,1,0,0.5,2,1
Whimsicott,547,,60,67,77,85,75,116,0,0,0,1,0,Grass,Fairy,1,2,0.5,0.5,0.5,2,0.5,4,0.5,2,1,1,1,1,0,0.5,2,1
Petilil,548,,45,35,70,50,50,30,0,0,0,0,0,Grass,-,1,2,0.5,0.5,0.5,2,1,2,0.5,2,1,2,1,1,1,1,1,1
Lilligant,549,,70,60,110,75,75,90,0,0,0,1,0,Grass,-,1,2,0.5,0.5,0.5,2,1,2,0.5,2,1,2,1,1,1,1,1,1
Basculin,550,,70,92,80,65,55,98,0,0,0,1,0,Water,-,1,0.5,0.5,2,2,0.5,1,1,1,1,1,1,1,1,1,1,0.5,1
Sandile,551,,50,72,35,35,35,65,0,0,0,0,0,Ground,Dark,1,1,2,0,2,2,2,0.5,1,1,0,2,0.5,0.5,1,0.5,1,2
Krokorok,552,,60,82,45,45,45,74,0,0,0,0,0,Ground,Dark,1,1,2,0,2,2,2,0.5,1,1,0,2,0.5,0.5,1,0.5,1,2
Krookodile,553,,95,117,65,80,70,92,0,0,0,1,0,Ground,Dark,1,1,2,0,2,2,2,0.5,1,1,0,2,0.5,0.5,1,0.5,1,2
Darumaka,554,,70,90,15,45,45,50,0,0,0,0,1,Fire,-,1,0.5,2,1,0.5,0.5,1,1,2,1,1,0.5,2,1,1,1,0.5,0.5
Galarian Darumaka,554-g,,70,90,15,45,45,50,0,0,0,0,1,Ice,-,1,2,1,1,1,0.5,2,1,1,1,1,1,2,1,1,1,2,1
Darmanitan,555,,105,140,30,55,55,95,0,0,0,1,1,Fire,-,1,0.5,2,1,0.5,0.5,0.5,1,2,1,0.5,1,2,2,1,2,0.5,0.5
Galarian Darmanitan,555-g,,105,160,30,55,55,135,0,0,0,1,1,Ice,-,1,2,1,1,1,0.5,2,1,1,1,1,1,2,1,1,1,1,1
Maractus,556,,75,86,106,67,67,60,0,0,0,1,0,Grass,-,1,2,0.5,0.5,0.5,2,1,2,0.5,2,1,2,1,1,1,1,1,1
Dwebble,557,,50,65,35,85,35,55,0,0,0,0,0,Bug,Rock,0.5,1,2,1,1,1,1,0.5,1,1,1,1,2,1,1,1,2,1
Crustle,558,,70,105,65,125,75,45,0,0,0,1,0,Bug,Rock,0.5,1,2,1,1,1,1,0.5,1,1,1,1,2,1,1,1,2,1
Scraggy,559,,50,75,35,70,70,48,0,0,0,0,0,Dark,Fighting,1,1,1,1,1,1,2,1,1,2,0,1,0.5,0.5,1,0.25,1,4
Scrafty,560,,65,90,45,115,115,58,0,0,0,1,0,Dark,Fighting,1,1,1,1,1,1,2,1,1,2,0,1,0.5,0.5,1,0.25,1,4
Sigilyph,561,,72,58,103,80,80,97,0,0,0,1,0,Psychic,Flying,1,1,1,2,0.5,2,0.25,1,0,1,0.5,1,2,2,1,2,1,1
Yamask,562,,38,30,55,85,65,30,0,0,0,0,0,Ghost,-,0,1,1,1,1,1,0,0.5,1,1,1,0.5,1,2,1,2,1,1
Galarian Yamask,562-g,,38,55,30,85,65,30,0,0,0,0,0,Ground,Ghost,0,1,2,0,2,2,0,0.25,1,1,1,0.5,0.5,2,1,2,1,1
Cofagrigus,563,,58,50,95,145,105,30,0,0,0,1,0,Ghost,-,0,1,1,1,1,1,0,0.5,1,1,1,0.5,1,2,1,2,1,1
Tirtouga,564,,54,78,53,103,45,22,0,0,0,0,0,Water,Rock,0.5,0.25,1,2,4,0.5,2,0.5,2,0.5,1,1,1,1,1,1,1,1
Carracosta,565,,74,108,83,133,65,32,0,0,0,1,0,Water,Rock,0.5,0.25,1,2,4,0.5,2,0.5,2,0.5,1,1,1,1,1,1,1,1
Archen,566,,55,112,74,45,45,70,0,0,0,0,0,Rock,Flying,0.5,0.5,2,2,1,2,1,0.5,0,0.5,1,0.5,2,1,1,1,2,1
Archeops,567,,75,140,112,65,65,110,0,0,0,1,1,Rock,Flying,0.5,0.5,2,2,1,2,1,0.5,0,0.5,1,0.5,2,1,1,1,2,1
Trubbish,568,,50,50,40,62,62,65,0,0,0,0,0,Poison,-,1,1,1,1,0.5,1,0.5,0.5,2,1,2,0.5,1,1,1,1,1,0.5
Garbodor,569,,80,95,60,82,82,75,0,0,0,1,0,Poison,-,1,1,1,1,0.5,1,0.5,0.5,2,1,2,0.5,1,1,1,1,1,0.5
Zorua,570,,40,65,80,40,40,65,0,0,0,0,0,Dark,-,1,1,1,1,1,1,2,1,1,1,0,2,1,0.5,1,0.5,1,2
Zoroark,571,,60,105,120,60,60,105,0,0,0,1,0,Dark,-,1,1,1,1,1,1,2,1,1,1,0,2,1,0.5,1,0.5,1,2
Minccino,572,,55,50,40,40,40,75,0,0,0,0,0,Normal,-,1,1,1,1,1,1,2,1,1,1,1,1,1,0,1,1,1,1
Cinccino,573,,75,95,65,60,60,115,0,0,0,1,0,Normal,-,1,1,1,1,1,1,2,1,1,1,1,1,1,0,1,1,1,1
Gothita,574,,45,30,55,50,65,45,0,0,0,0,0,Psychic,-,1,1,1,1,1,1,0.5,1,1,1,0.5,2,1,2,1,2,1,1
Gothorita,575,,60,45,75,70,85,55,0,0,0,0,0,Psychic,-,1,1,1,1,1,1,0.5,1,1,1,0.5,2,1,2,1,2,1,1
Gothitelle,576,,70,55,95,95,110,65,0,0,0,1,0,Psychic,-,1,1,1,1,1,1,0.5,1,1,1,0.5,2,1,2,1,2,1,1
Solosis,577,,45,30,105,40,50,20,0,0,0,0,0,Psychic,-,1,1,1,1,1,1,0.5,1,1,1,0.5,2,1,2,1,2,1,1
Duosion,578,,65,40,125,50,60,30,0,0,0,0,0,Psychic,-,1,1,1,1,1,1,0.5,1,1,1,0.5,2,1,2,1,2,1,1
Reuniclus,579,,110,65,125,75,85,30,0,0,0,1,0,Psychic,-,1,1,1,1,1,1,0.5,1,1,1,0.5,2,1,2,1,2,1,1
Vanillite,582,,36,50,65,50,60,44,0,0,0,0,0,Ice,-,1,2,1,1,1,0.5,2,1,1,1,1,1,2,1,1,1,2,1
Vanillish,583,,51,65,80,65,75,59,0,0,0,0,0,Ice,-,1,2,1,1,1,0.5,2,1,1,1,1,1,2,1,1,1,2,1
Vanilluxe,584,,71,95,110,85,95,79,0,0,0,1,0,Ice,-,1,2,1,1,1,0.5,2,1,1,1,1,1,2,1,1,1,2,1
Emolga,587,,55,75,75,60,60,103,0,0,0,1,0,Electric,Flying,1,1,1,1,0.5,2,0.5,1,0,0.5,1,0.5,2,1,1,1,0.5,1
Karrablast,588,,50,75,40,45,45,60,0,0,0,0,0,Bug,-,1,2,1,1,0.5,1,0.5,1,0.5,2,1,1,2,1,1,1,1,1
Escavalier,589,,70,135,60,105,105,20,0,0,0,1,0,Bug,Steel,0.5,4,1,1,0.25,0.5,1,0,1,1,0.5,0.5,1,1,0.5,1,0.5,0.5
Foongus,590,,69,55,55,45,55,15,0,0,0,0,0,Grass,Poison,1,2,0.5,0.5,0.25,2,0.5,1,1,2,2,1,1,1,1,1,1,0.5
Amoonguss,591,,114,85,85,70,80,30,0,0,0,1,0,Grass,Poison,1,2,0.5,0.5,0.25,2,0.5,1,1,2,2,1,1,1,1,1,1,0.5
Frillish,592,,55,40,65,50,85,40,0,0,0,0,0,Water,Ghost,0,0.5,0.5,2,2,0.5,0,0.5,1,1,1,0.5,1,2,1,2,0.5,1
Jellicent,593,,100,60,85,70,105,60,0,0,0,1,0,Water,Ghost,0,0.5,0.5,2,2,0.5,0,0.5,1,1,1,0.5,1,2,1,2,0.5,1
Joltik,595,,50,47,57,50,50,65,0,0,0,0,0,Bug,Electric,1,2,1,0.5,0.5,1,0.5,1,1,1,1,1,2,1,1,1,0.5,1
Galvantula,596,,70,77,97,60,60,108,0,0,0,1,0,Bug,Electric,1,2,1,0.5,0.5,1,0.5,1,1,1,1,1,2,1,1,1,0.5,1
Ferroseed,597,,44,50,24,91,86,10,0,0,0,0,0,Grass,Steel,0.5,4,0.5,0.5,0.25,1,2,0,1,1,0.5,1,0.5,1,0.5,1,0.5,0.5
Ferrothorn,598,,74,94,54,131,116,20,0,0,0,1,0,Grass,Steel,0.5,4,0.5,0.5,0.25,1,2,0,1,1,0.5,1,0.5,1,0.5,1,0.5,0.5
Klink,599,,40,55,45,70,60,30,0,0,0,0,0,Steel,-,0.5,2,1,1,0.5,0.5,2,0,2,0.5,0.5,0.5,0.5,1,0.5,1,0.5,0.5
Klang,600,,60,80,70,95,85,50,0,0,0,0,0,Steel,-,0.5,2,1,1,0.5,0.5,2,0,2,0.5,0.5,0.5,0.5,1,0.5,1,0.5,0.5
Klinklang,601,,60,100,70,115,85,90,0,0,0,1,0,Steel,-,0.5,2,1,1,0.5,0.5,2,0,2,0.5,0.5,0.5,0.5,1,0.5,1,0.5,0.5
Elgyem,605,,55,55,85,55,55,30,0,0,0,0,0,Psychic,-,1,1,1,1,1,1,0.5,1,1,1,0.5,2,1,2,1,2,1,1
Beheeyem,606,,75,75,125,75,95,40,0,0,0,1,0,Psychic,-,1,1,1,1,1,1,0.5,1,1,1,0.5,2,1,2,1,2,1,1
Litwick,607,,50,30,65,55,55,20,0,0,0,0,0,Ghost,Fire,0,0.5,2,1,0.5,0.5,0,0.5,2,1,1,0.25,2,2,1,2,0.5,0.5
Lampent,608,,60,40,95,60,60,55,0,0,0,0,0,Ghost,Fire,0,0.5,2,1,0.5,0.5,0,0.5,2,1,1,0.25,2,2,1,2,0.5,0.5
Chandelure,609,,60,55,145,90,90,80,0,0,0,1,0,Ghost,Fire,0,0.5,2,1,0.5,0.5,0,0.5,2,1,1,0.25,2,2,1,2,0.5,0.5
Axew,610,,46,87,30,60,40,57,0,0,0,0,0,Dragon,-,1,0.5,0.5,0.5,0.5,2,1,1,1,1,1,1,1,1,2,1,1,2
Fraxure,611,,66,117,40,70,50,67,0,0,0,0,0,Dragon,-,1,0.5,0.5,0.5,0.5,2,1,1,1,1,1,1,1,1,2,1,1,2
Haxorus,612,,76,147,60,90,70,97,0,0,0,1,0,Dragon,-,1,0.5,0.5,0.5,0.5,2,1,1,1,1,1,1,1,1,2,1,1,2
Cubchoo,613,,55,70,60,40,40,40,0,0,0,0,0,Ice,-,1,2,1,1,1,0.5,2,1,1,1,1,1,2,1,1,1,2,1
Beartic,614,,95,130,70,80,80,50,0,0,0,1,0,Ice,-,1,2,1,1,1,0.5,2,1,1,1,1,1,2,1,1,1,2,1
Cryogonal,615,,80,50,95,50,135,105,0,0,0,1,0,Ice,-,1,2,1,1,1,0.5,2,1,1,1,1,1,2,1,1,1,2,1
Shelmet,616,,50,40,40,85,65,25,0,0,0,0,0,Bug,-,1,2,1,1,0.5,1,0.5,1,0.5,2,1,1,2,1,1,1,1,1
Accelgor,617,,80,70,100,40,60,145,0,0,0,1,0,Bug,-,1,2,1,1,0.5,1,0.5,1,0.5,2,1,1,2,1,1,1,1,1
Galarian Stunfisk,618-g,,109,81,66,99,84,32,0,0,0,1,0,Ground,Steel,0.5,2,2,0,1,1,2,0,2,0.5,0.5,0.5,0.25,1,0.5,1,0.5,0.5
Stunfisk,618,,109,66,81,84,99,32,0,0,0,1,0,Ground,Electric,1,1,2,0,2,2,1,0.5,2,0.5,1,1,0.5,1,1,1,0.5,1
Mienfoo,619,,45,85,55,50,50,65,0,0,0,0,0,Fighting,-,1,1,1,1,1,1,1,1,1,2,2,0.5,0.5,1,1,0.5,1,2
Mienshao,620,,65,125,95,60,60,105,0,0,0,1,0,Fighting,-,1,1,1,1,1,1,1,1,1,2,2,0.5,0.5,1,1,0.5,1,2
Druddigon,621,,77,120,60,90,90,48,0,0,0,1,0,Dragon,-,1,0.5,0.5,0.5,0.5,2,1,1,1,1,1,1,1,1,2,1,1,2
Golett,622,,59,74,35,50,50,35,0,0,0,0,0,Ground,Ghost,0,1,2,0,2,2,0,0.25,1,1,1,0.5,0.5,2,1,2,1,1
Golurk,623,,89,124,55,80,80,55,0,0,0,1,0,Ground,Ghost,0,1,2,0,2,2,0,0.25,1,1,1,0.5,0.5,2,1,2,1,1
Pawniard,624,,45,85,40,70,40,60,0,0,0,0,0,Dark,Steel,0.5,2,1,1,0.5,0.5,4,0,2,0.5,0,1,0.5,0.5,0.5,0.5,0.5,1
Bisharp,625,,65,125,60,100,70,70,0,0,0,1,0,Dark,Steel,0.5,2,1,1,0.5,0.5,4,0,2,0.5,0,1,0.5,0.5,0.5,0.5,0.5,1
Bouffalant,626,,95,110,40,95,95,55,0,0,0,1,0,Normal,-,1,1,1,1,1,1,2,1,1,1,1,1,1,0,1,1,1,1
Rufflet,627,,70,83,37,50,50,60,0,0,0,0,0,Normal,Flying,1,1,1,2,0.5,2,1,1,0,1,1,0.5,2,0,1,1,1,1
Braviary,628,,100,123,57,75,75,80,0,0,0,1,0,Normal,Flying,1,1,1,2,0.5,2,1,1,0,1,1,0.5,2,0,1,1,1,1
Vullaby,629,,70,55,45,75,65,60,0,0,0,0,0,Dark,Flying,1,1,1,2,0.5,2,1,1,0,1,0,1,2,0.5,1,0.5,1,2
Mandibuzz,630,,110,65,55,105,95,80,0,0,0,1,0,Dark,Flying,1,1,1,2,0.5,2,1,1,0,1,0,1,2,0.5,1,0.5,1,2
Heatmor,631,,85,97,105,66,66,65,0,0,0,1,0,Fire,-,1,0.5,2,1,0.5,0.5,1,1,2,1,1,0.5,2,1,1,1,0.5,0.5
Durant,632,,58,109,48,112,48,109,0,0,0,1,0,Bug,Steel,0.5,4,1,1,0.25,0.5,1,0,1,1,0.5,0.5,1,1,0.5,1,0.5,0.5
Deino,633,,52,65,45,50,50,38,0,0,1,0,0,Dark,Dragon,1,0.5,0.5,0.5,0.5,2,2,1,1,1,0,2,1,0.5,2,0.5,1,4
Zweilous,634,,72,85,65,70,70,58,0,0,1,0,0,Dark,Dragon,1,0.5,0.5,0.5,0.5,2,2,1,1,1,0,2,1,0.5,2,0.5,1,4
Hydreigon,635,,92,105,125,90,90,98,0,0,1,1,0,Dark,Dragon,1,0.5,0.5,0.5,0.5,2,2,1,1,1,0,2,1,0.5,2,0.5,1,4
Larvesta,636,,55,85,50,55,55,60,0,0,0,0,0,Bug,Fire,1,1,2,1,0.25,0.5,0.5,1,1,2,1,0.5,4,1,1,1,0.5,0.5
Volcarona,637,,85,60,135,65,105,100,0,0,0,1,0,Bug,Fire,1,1,2,1,0.25,0.5,0.5,1,1,2,1,0.5,4,1,1,1,0.5,0.5
Cobalion,638,,91,90,90,129,72,108,1,0,0,1,0,Steel,Fighting,0.5,2,1,1,0.5,0.5,2,0,2,1,1,0.25,0.25,1,0.5,0.5,0.5,1
Terrakion,639,,91,129,72,90,90,108,1,0,0,1,0,Rock,Fighting,0.5,0.5,2,1,2,1,2,0.5,2,1,2,0.5,0.5,1,1,0.5,2,2
Virizion,640,,91,90,90,72,129,108,1,0,0,1,0,Grass,Fighting,1,2,0.5,0.5,0.5,2,1,2,0.5,4,2,1,0.5,1,1,0.5,1,2
Tornadus (Incarnate),641,,79,115,125,70,80,111,1,0,0,1,0,Flying,-,1,1,1,2,0.5,2,0.5,1,0,1,1,0.5,2,1,1,1,1,1
Tornadus (Therian),641,,79,100,110,80,90,121,1,0,0,1,0,Flying,-,1,1,1,2,0.5,2,0.5,1,0,1,1,0.5,2,1,1,1,1,1
Thundurus (Incarnate),642,,79,115,125,70,80,111,1,0,0,1,0,Electric,Flying,1,1,1,1,0.5,2,0.5,1,0,0.5,1,0.5,2,1,1,1,0.5,1
Thundurus (Therian),642,,79,105,145,70,80,101,1,0,0,1,0,Electric,Flying,1,1,1,1,0.5,2,0.5,1,0,0.5,1,0.5,2,1,1,1,0.5,1
Reshiram,643,,100,120,150,100,120,90,1,0,0,1,0,Dragon,Fire,1,0.25,1,0.5,0.25,1,1,1,2,1,1,0.5,2,1,2,1,0.5,1
Zekrom,644,,100,150,120,120,100,90,1,0,0,1,0,Dragon,Electric,1,0.5,0.5,0.25,0.5,2,1,1,2,0.5,1,1,1,1,2,1,0.5,2
Landorus (Incarnate),645,,89,125,115,90,80,101,1,0,0,1,0,Ground,Flying,1,1,2,0,1,4,0.5,0.5,0,1,1,0.5,1,1,1,1,1,1
Landorus (Therian),645,,89,145,105,90,80,91,1,0,0,1,0,Ground,Flying,1,1,2,0,1,4,0.5,0.5,0,1,1,0.5,1,1,1,1,1,1
Kyurem,646,,125,130,130,90,90,95,1,0,0,1,0,Dragon,Ice,1,1,0.5,0.5,0.5,1,2,1,1,1,1,1,2,1,2,1,2,2
White Kyurem,646,,125,120,170,90,100,95,1,0,0,1,0,Dragon,Ice,1,1,0.5,0.5,0.5,1,2,1,1,1,1,1,2,1,2,1,2,2
Black Kyurem,646,,125,170,120,100,90,95,1,0,0,1,0,Dragon,Ice,1,1,0.5,0.5,0.5,1,2,1,1,1,1,1,2,1,2,1,2,2
Keldeo,647,,91,72,129,90,90,108,0,1,0,1,0,Water,Fighting,1,0.5,0.5,2,2,0.5,1,1,1,2,2,0.5,0.5,1,1,0.5,0.5,2
Genesect,649,,71,120,120,95,95,99,1,0,0,1,0,Bug,Steel,0.5,4,1,1,0.25,0.5,1,0,1,1,0.5,0.5,1,1,0.5,1,0.5,0.5
Bunnelby,659,,38,36,32,38,36,57,0,0,0,0,0,Normal,-,1,1,1,1,1,1,2,1,1,1,1,1,1,0,1,1,1,1
Diggersby,660,,85,56,50,77,77,78,0,0,0,1,0,Normal,Ground,1,1,2,0,2,2,2,0.5,1,1,1,1,0.5,0,1,1,1,1
Fletchling,661,,45,50,40,43,38,62,0,0,0,0,0,Normal,Flying,1,1,1,2,0.5,2,1,1,0,1,1,0.5,2,0,1,1,1,1
Fletchinder,662,,62,73,56,55,52,84,0,0,0,0,0,Fire,Flying,1,0.5,2,2,0.25,1,0.5,1,0,1,1,0.25,4,1,1,1,0.5,0.5
Talonflame,663,,78,81,74,71,69,126,0,0,0,1,0,Fire,Flying,1,0.5,2,2,0.25,1,0.5,1,0,1,1,0.25,4,1,1,1,0.5,0.5
Pancham,674,,67,82,46,62,48,43,0,0,0,0,0,Fighting,-,1,1,1,1,1,1,1,1,1,2,2,0.5,0.5,1,1,0.5,1,2
Pangoro,675,,95,124,69,78,71,58,0,0,0,1,0,Fighting,Dark,1,1,1,1,1,1,2,1,1,2,0,1,0.5,0.5,1,0.25,1,4
Espurr,677,,62,48,63,54,60,68,0,0,0,0,0,Psychic,-,1,1,1,1,1,1,0.5,1,1,1,0.5,2,1,2,1,2,1,1
Meowstic (m),678,,74,48,83,76,81,104,0,0,0,1,0,Psychic,-,1,1,1,1,1,1,0.5,1,1,1,0.5,2,1,2,1,2,1,1
Meowstic (f),678-f,,74,48,83,76,81,104,0,0,0,1,0,Psychic,-,1,1,1,1,1,1,0.5,1,1,1,0.5,2,1,2,1,2,1,1
Honedge,679,,45,80,35,100,37,28,0,0,0,0,0,Steel,Ghost,0,2,1,1,0.5,0.5,0,0,2,0.5,0.5,0.25,0.5,2,0.5,2,0.5,0.5
Doublade,680,,59,110,45,150,49,35,0,0,0,0,0,Steel,Ghost,0,2,1,1,0.5,0.5,0,0,2,0.5,0.5,0.25,0.5,2,0.5,2,0.5,0.5
Aegislash,681,,60,50,50,140,140,60,0,0,0,1,1,Steel,Ghost,0,2,1,1,0.5,0.5,0,0,2,0.5,0.5,0.25,0.5,2,0.5,2,0.5,0.5
Spritzee,682,,78,52,63,60,65,23,0,0,0,0,0,Fairy,-,1,1,1,1,1,1,0.5,2,1,1,1,0.5,1,1,0,0.5,2,1
Aromatisse,683,,101,72,99,72,89,29,0,0,0,1,0,Fairy,-,1,1,1,1,1,1,0.5,2,1,1,1,0.5,1,1,0,0.5,2,1
Swirlix,684,,62,48,59,66,57,49,0,0,0,0,0,Fairy,-,1,1,1,1,1,1,0.5,2,1,1,1,0.5,1,1,0,0.5,2,1
Slurpuff,685,,82,80,85,86,75,72,0,0,0,1,0,Fairy,-,1,1,1,1,1,1,0.5,2,1,1,1,0.5,1,1,0,0.5,2,1
Inkay,686,,53,54,37,53,46,45,0,0,0,0,0,Dark,Psychic,1,1,1,1,1,1,1,1,1,1,0,4,1,1,1,1,1,2
Malamar,687,,86,92,68,88,75,73,0,0,0,1,0,Dark,Psychic,1,1,1,1,1,1,1,1,1,1,0,4,1,1,1,1,1,2
Binacle,688,,42,52,39,67,56,50,0,0,0,0,0,Rock,Water,0.5,0.25,1,2,4,0.5,2,0.5,2,0.5,1,1,1,1,1,1,1,1
Barbaracle,689,,72,105,54,115,86,68,0,0,0,1,0,Rock,Water,0.5,0.25,1,2,4,0.5,2,0.5,2,0.5,1,1,1,1,1,1,1,1
Skrelp,690,,50,60,60,60,60,30,0,0,0,0,0,Poison,Water,1,0.5,0.5,2,1,0.5,0.5,0.5,2,1,2,0.5,1,1,1,1,0.5,0.5
Dragalge,691,,65,75,97,90,123,44,0,0,0,1,0,Poison,Dragon,1,0.5,0.5,0.5,0.25,2,0.5,0.5,2,1,2,0.5,1,1,2,1,1,1
Clauncher,692,,50,53,58,62,63,44,0,0,0,0,0,Water,-,1,0.5,0.5,2,2,0.5,1,1,1,1,1,1,1,1,1,1,0.5,1
Clawitzer,693,,71,73,120,88,89,59,0,0,0,1,0,Water,-,1,0.5,0.5,2,2,0.5,1,1,1,1,1,1,1,1,1,1,0.5,1
Helioptile,694,,44,38,61,33,43,70,0,0,0,0,0,Electric,Normal,1,1,1,0.5,1,1,2,1,2,0.5,1,1,1,0,1,1,0.5,1
Heliolisk,695,,62,55,109,52,94,109,0,0,0,1,0,Electric,Normal,1,1,1,0.5,1,1,2,1,2,0.5,1,1,1,0,1,1,0.5,1
Tyrunt,696,,58,89,45,77,45,48,0,0,0,0,0,Rock,Dragon,0.5,0.25,1,0.5,1,2,2,0.5,2,0.5,1,1,1,1,2,1,2,2
Tyrantrum,697,,82,121,69,119,59,71,0,0,0,1,0,Rock,Dragon,0.5,0.25,1,0.5,1,2,2,0.5,2,0.5,1,1,1,1,2,1,2,2
Amaura,698,,77,59,67,50,63,46,0,0,0,0,0,Rock,Ice,0.5,1,2,1,2,0.5,4,0.5,2,0.5,1,1,2,1,1,1,4,1
Aurorus,699,,123,77,99,72,92,58,0,0,0,1,0,Rock,Ice,0.5,1,2,1,2,0.5,4,0.5,2,0.5,1,1,2,1,1,1,4,1
Sylveon,700,,95,65,110,65,130,60,0,0,0,1,0,Fairy,-,1,1,1,1,1,1,0.5,2,1,1,1,0.5,1,1,0,0.5,2,1
Hawlucha,701,,78,92,74,75,63,118,0,0,0,1,0,Fighting,Flying,1,1,1,2,0.5,2,0.5,1,0,2,2,0.25,1,1,1,0.5,1,2
Dedenne,702,,67,58,81,57,67,101,0,0,0,1,0,Electric,Fairy,1,1,1,0.5,1,1,0.5,2,2,0.5,1,0.5,1,1,0,0.5,1,1
Carbink,703,,50,50,50,150,150,50,0,0,0,1,0,Rock,Fairy,0.5,0.5,2,1,2,1,1,1,2,0.5,1,0.5,1,1,0,0.5,4,1
Goomy,704,,45,50,55,35,75,40,0,0,1,0,0,Dragon,-,1,0.5,0.5,0.5,0.5,2,1,1,1,1,1,1,1,1,2,1,1,2
Sliggoo,705,,68,75,83,53,113,60,0,0,1,0,0,Dragon,-,1,0.5,0.5,0.5,0.5,2,1,1,1,1,1,1,1,1,2,1,1,2
Goodra,706,,90,100,110,70,150,80,0,0,1,1,0,Dragon,-,1,0.5,0.5,0.5,0.5,2,1,1,1,1,1,1,1,1,2,1,1,2
Klefki,707,,57,80,80,91,87,75,0,0,0,1,0,Steel,Fairy,0.5,2,1,1,0.5,0.5,1,0,2,0.5,0.5,0.25,0.5,1,0,0.5,1,0.5
Phantump,708,,43,70,50,48,60,38,0,0,0,0,0,Ghost,Grass,0,2,0.5,0.5,0.5,2,0,1,0.5,2,1,1,1,2,1,2,1,1
Trevenant,709,,85,110,65,76,82,56,0,0,0,1,0,Ghost,Grass,0,2,0.5,0.5,0.5,2,0,1,0.5,2,1,1,1,2,1,2,1,1
Pumpkaboo (small),710,,44,66,44,70,55,56,0,0,0,0,0,Ghost,Grass,0,2,0.5,0.5,0.5,2,0,1,0.5,2,1,1,1,2,1,2,1,1
Pumpkaboo (normal),710,,49,66,44,70,55,51,0,0,0,0,0,Ghost,Grass,0,2,0.5,0.5,0.5,2,0,1,0.5,2,1,1,1,2,1,2,1,1
Pumpkaboo (large),710,,54,66,44,70,55,46,0,0,0,0,0,Ghost,Grass,0,2,0.5,0.5,0.5,2,0,1,0.5,2,1,1,1,2,1,2,1,1
Pumpkaboo (super),710,,59,66,44,70,55,41,0,0,0,0,0,Ghost,Grass,0,2,0.5,0.5,0.5,2,0,1,0.5,2,1,1,1,2,1,2,1,1
Gourgeist (small),711,,55,85,58,122,75,99,0,0,0,1,0,Ghost,Grass,0,2,0.5,0.5,0.5,2,0,1,0.5,2,1,1,1,2,1,2,1,1
Gourgeist (normal),711,,65,90,58,122,75,84,0,0,0,1,0,Ghost,Grass,0,2,0.5,0.5,0.5,2,0,1,0.5,2,1,1,1,2,1,2,1,1
Gourgeist (large),711,,75,95,58,122,75,69,0,0,0,1,0,Ghost,Grass,0,2,0.5,0.5,0.5,2,0,1,0.5,2,1,1,1,2,1,2,1,1
Gourgeist (super),711,,85,100,59,122,75,54,0,0,0,1,0,Ghost,Grass,0,2,0.5,0.5,0.5,2,0,1,0.5,2,1,1,1,2,1,2,1,1
Bergmite,712,,55,69,32,85,35,28,0,0,0,0,0,Ice,-,1,2,1,1,1,0.5,2,1,1,1,1,1,2,1,1,1,2,1
Avalugg,713,,95,117,44,184,46,28,0,0,0,1,0,Ice,-,1,2,1,1,1,0.5,2,1,1,1,1,1,2,1,1,1,2,1
Noibat,714,,40,30,45,35,40,55,0,0,0,0,0,Flying,Dragon,1,0.5,0.5,1,0.25,4,0.5,1,0,1,1,0.5,2,1,2,1,1,2
Noivern,715,,85,70,97,80,80,123,0,0,0,1,0,Flying,Dragon,1,0.5,0.5,1,0.25,4,0.5,1,0,1,1,0.5,2,1,2,1,1,2
Xerneas,716,,126,131,131,95,98,99,1,0,0,1,0,Fairy,-,1,1,1,1,1,1,0.5,2,1,1,1,0.5,1,1,0,0.5,2,1
Yveltal,717,,126,131,131,95,98,99,1,0,0,1,0,Dark,Flying,1,1,1,2,0.5,2,1,1,0,1,0,1,2,0.5,1,0.5,1,2
Zygarde,718,,108,100,81,121,95,95,1,0,0,1,1,Dragon,Ground,1,0.5,1,0,1,4,1,0.5,1,1,1,1,0.5,1,2,1,1,2
Diancie,719,,50,100,100,150,150,50,0,1,0,1,0,Rock,Fairy,0.5,0.5,2,1,2,1,1,1,2,0.5,1,0.5,1,1,0,0.5,4,1
Volcanion,721,,80,110,130,120,90,70,0,1,0,1,0,Fire,Water,1,0.25,1,2,1,0.25,1,1,2,1,1,0.5,2,1,1,1,0.25,0.5
Rowlet,722,,68,55,50,55,50,42,0,0,0,0,0,Grass,Flying,1,2,0.5,1,0.25,4,0.5,2,0,2,1,1,2,1,1,1,1,1
Dartrix,723,,78,75,70,75,70,52,0,0,0,0,0,Grass,Flying,1,2,0.5,1,0.25,4,0.5,2,0,2,1,1,2,1,1,1,1,1
Decidueye,724,,78,107,100,75,100,70,0,0,0,1,0,Grass,Ghost,0,2,0.5,0.5,0.5,2,0,1,0.5,2,1,1,1,2,1,2,1,1
Litten,725,,45,65,60,40,40,70,0,0,0,0,0,Fire,-,1,0.5,2,1,0.5,0.5,1,1,2,1,1,0.5,2,1,1,1,0.5,0.5
Torracat,726,,65,85,80,50,50,90,0,0,0,0,0,Fire,-,1,0.5,2,1,0.5,0.5,1,1,2,1,1,0.5,2,1,1,1,0.5,0.5
Incineroar,727,,95,115,80,90,90,60,0,0,0,1,0,Fire,Dark,1,0.5,2,1,0.5,0.5,2,1,2,1,0,1,2,0.5,1,0.5,0.5,1
Popplio,728,,50,54,66,54,56,40,0,0,0,0,0,Water,-,1,0.5,0.5,2,2,0.5,1,1,1,1,1,1,1,1,1,1,0.5,1
Brionne,729,,60,69,91,69,81,50,0,0,0,0,0,Water,-,1,0.5,0.5,2,2,0.5,1,1,1,1,1,1,1,1,1,1,0.5,1
Primarina,730,,80,74,126,74,116,60,0,0,0,1,0,Water,Fairy,1,0.5,0.5,2,2,0.5,0.5,2,1,1,1,0.5,1,1,0,0.5,1,1
Grubbin,736,,47,62,55,45,45,46,0,0,0,0,0,Bug,-,1,2,1,1,0.5,1,0.5,1,0.5,2,1,1,2,1,1,1,1,1
Charjabug,737,,57,82,55,95,75,36,0,0,0,0,0,Bug,Electric,1,2,1,0.5,0.5,1,0.5,1,1,1,1,1,2,1,1,1,0.5,1
Vikavolt,738,,77,70,145,90,75,43,0,0,0,1,0,Bug,Electric,1,2,1,0.5,0.5,1,0.5,1,1,1,1,1,2,1,1,1,0.5,1
Cutiefly,742,,40,45,55,40,40,84,0,0,0,0,0,Bug,Fairy,1,2,1,1,0.5,1,0.25,2,0.5,2,1,0.5,2,1,0,0.5,2,1
Ribombee,743,,60,55,95,60,70,124,0,0,0,1,0,Bug,Fairy,1,2,1,1,0.5,1,0.25,2,0.5,2,1,0.5,2,1,0,0.5,2,1
Rockruff,744,,45,65,30,40,40,60,0,0,0,0,0,Rock,-,1,0.5,2,1,2,1,2,0.5,2,0.5,1,1,1,1,1,1,2,1
Lycanroc (Midday),745,,75,115,55,65,65,112,0,0,0,1,0,Rock,-,1,0.5,2,1,2,1,2,0.5,2,0.5,1,1,1,1,1,1,2,1
Lycanroc (Midnight),745-m,,85,115,55,75,75,82,0,0,0,1,0,Rock,-,1,0.5,2,1,2,1,2,0.5,2,0.5,1,1,1,1,1,1,2,1
Lycanroc (Dusk),745-d,,75,117,55,65,65,110,0,0,0,1,0,Rock,-,1,0.5,2,1,2,1,2,0.5,2,0.5,1,1,1,1,1,1,2,1
Wishiwashi,746,,45,20,25,20,25,40,0,0,0,1,1,Water,-,1,0.5,0.5,2,2,0.5,1,1,1,1,1,1,1,1,1,1,0.5,1
Mareanie,747,,50,53,43,62,52,45,0,0,0,0,0,Poison,Water,1,0.5,0.5,2,1,0.5,0.5,0.5,2,1,2,0.5,1,1,1,1,0.5,0.5
Toxapex,748,,50,63,53,152,142,35,0,0,0,1,0,Poison,Water,1,0.5,0.5,2,1,0.5,0.5,0.5,2,1,2,0.5,1,1,1,1,0.5,0.5
Mudbray,749,,70,100,45,70,55,45,0,0,0,0,0,Ground,-,1,1,2,0,2,2,1,0.5,1,1,1,1,0.5,1,1,1,1,1
Mudsdale,750,,100,125,55,100,85,35,0,0,0,1,0,Ground,-,1,1,2,0,2,2,1,0.5,1,1,1,1,0.5,1,1,1,1,1
Dewpider,751,,38,40,40,52,72,27,0,0,0,0,0,Water,Bug,1,1,0.5,2,1,0.5,0.5,1,0.5,2,1,1,2,1,1,1,0.5,1
Araquanid,752,,68,70,50,92,132,42,0,0,0,1,0,Water,Bug,1,1,0.5,2,1,0.5,0.5,1,0.5,2,1,1,2,1,1,1,0.5,1
Fomantis,753,,40,55,50,35,35,35,0,0,0,0,0,Grass,-,1,2,0.5,0.5,0.5,2,1,2,0.5,2,1,2,1,1,1,1,1,1
Lurantis,754,,70,105,80,90,90,45,0,0,0,1,0,Grass,-,1,2,0.5,0.5,0.5,2,1,2,0.5,2,1,2,1,1,1,1,1,1
Morelull,755,,40,35,65,55,75,15,0,0,0,0,0,Grass,Fairy,1,2,0.5,0.5,0.5,2,0.5,4,0.5,2,1,1,1,1,0,0.5,2,1
Shiinotic,756,,60,45,90,80,100,30,0,0,0,1,0,Grass,Fairy,1,2,0.5,0.5,0.5,2,0.5,4,0.5,2,1,1,1,1,0,0.5,2,1
Salandit,757,,48,44,71,40,40,77,0,0,0,0,0,Poison,Fire,1,0.5,2,1,0.25,0.5,0.5,0.5,4,1,2,0.25,2,1,1,1,0.5,0.25
Salazzle,758,,68,64,111,60,60,117,0,0,0,1,0,Poison,Fire,1,0.5,2,1,0.25,0.5,0.5,0.5,4,1,2,0.25,2,1,1,1,0.5,0.25
Stufful,759,,70,75,45,50,50,50,0,0,0,0,0,Normal,Fighting,1,1,1,1,1,1,2,1,1,2,2,0.5,0.5,0,1,0.5,1,2
Bewear,760,,120,125,55,80,60,60,0,0,0,1,0,Normal,Fighting,1,1,1,1,1,1,2,1,1,2,2,0.5,0.5,0,1,0.5,1,2
Bounsweet,761,,42,30,30,38,38,32,0,0,0,0,0,Grass,-,1,2,0.5,0.5,0.5,2,1,2,0.5,2,1,2,1,1,1,1,1,1
Steenee,762,,52,40,40,48,48,62,0,0,0,0,0,Grass,-,1,2,0.5,0.5,0.5,2,1,2,0.5,2,1,2,1,1,1,1,1,1
Tsareena,763,,72,120,50,98,98,72,0,0,0,1,0,Grass,-,1,2,0.5,0.5,0.5,2,1,2,0.5,2,1,2,1,1,1,1,1,1
Comfey,764,,51,52,82,90,110,100,0,0,0,1,0,Fairy,-,1,1,1,1,1,1,0.5,2,1,1,1,0.5,1,1,0,0.5,2,1
Oranguru,765,,90,60,90,80,110,60,0,0,0,1,0,Normal,Psychic,1,1,1,1,1,1,1,1,1,1,0.5,2,1,0,1,2,1,1
Passimian,766,,100,120,40,90,60,80,0,0,0,1,0,Fighting,-,1,1,1,1,1,1,1,1,1,2,2,0.5,0.5,1,1,0.5,1,2
Wimpod,767,,25,35,20,40,30,80,0,0,0,0,0,Fighting,Water,1,1,0.5,2,1,0.5,0.5,1,0.5,2,1,1,2,1,1,1,0.5,1
Golisopod,768,,75,125,60,140,90,40,0,0,0,1,0,Fighting,Water,1,1,0.5,2,1,0.5,0.5,1,0.5,2,1,1,2,1,1,1,0.5,1
Sandygast,769,,55,55,70,80,45,15,0,0,0,0,0,Fighting,Ground,1,1,2,0,2,2,0,0.25,1,1,1,0.5,0.5,2,1,2,1,1
Palossand,770,,85,75,100,110,75,35,0,0,0,1,0,Fighting,Ground,1,1,2,0,2,2,0,0.25,1,1,1,0.5,0.5,2,1,2,1,1
Pyukumuku,771,,55,60,30,130,130,5,0,0,0,1,0,Fighting,-,1,0.5,0.5,2,2,0.5,1,1,1,1,1,1,1,1,1,1,0.5,1
Type: Null,772,,95,95,95,95,95,59,1,0,0,0,0,Fighting,-,1,1,1,1,1,1,2,1,1,1,1,1,1,0,1,1,1,1
Silvally (Normal),773,,95,95,95,95,95,95,1,0,0,1,0,Fighting,-,1,1,1,1,1,1,2,1,1,1,1,1,1,0,1,1,1,1
Silvally (Fire),773,,95,95,95,95,95,95,1,0,0,1,0,Fire,-,1,0.5,2,1,0.5,0.5,1,1,2,1,1,0.5,2,1,1,1,0.5,0.5
Silvally (Water),773,,95,95,95,95,95,95,1,0,0,1,0,Water,-,1,0.5,0.5,2,2,0.5,1,1,1,1,1,1,1,1,1,1,0.5,1
Silvally (Electric),773,,95,95,95,95,95,95,1,0,0,1,0,Electric,-,1,1,1,0.5,1,1,1,1,2,0.5,1,1,1,1,1,1,0.5,1
Silvally (Grass),773,,95,95,95,95,95,95,1,0,0,1,0,Grass,-,1,2,0.5,0.5,0.5,2,1,2,0.5,2,1,2,1,1,1,1,1,1
Silvally (Ice),773,,95,95,95,95,95,95,1,0,0,1,0,Ice,-,1,2,1,1,1,0.5,2,1,1,1,1,1,2,1,1,1,2,1
Silvally (Fighting),773,,95,95,95,95,95,95,1,0,0,1,0,Fighting,-,1,1,1,1,1,1,1,1,1,2,2,0.5,0.5,1,1,0.5,1,2
Silvally (Poison),773,,95,95,95,95,95,95,1,0,0,1,0,Poison,-,1,1,1,1,0.5,1,0.5,0.5,2,1,2,0.5,1,1,1,1,1,0.5
Silvally (Ground),773,,95,95,95,95,95,95,1,0,0,1,0,Ground,-,1,1,2,0,2,2,1,0.5,1,1,1,1,0.5,1,1,1,1,1
Silvally (Flying),773,,95,95,95,95,95,95,1,0,0,1,0,Flying,-,1,1,1,2,0.5,2,0.5,1,0,1,1,0.5,2,1,1,1,1,1
Silvally (Psychic),773,,95,95,95,95,95,95,1,0,0,1,0,Psychic,-,1,1,1,1,1,1,0.5,1,1,1,0.5,2,1,2,1,2,1,1
Silvally (Bug),773,,95,95,95,95,95,95,1,0,0,1,0,Bug,-,1,2,1,1,0.5,1,0.5,1,0.5,2,1,1,2,1,1,1,1,1
Silvally (Rock),773,,95,95,95,95,95,95,1,0,0,1,0,Rock,-,1,0.5,2,1,2,1,2,0.5,2,0.5,1,1,1,1,1,1,2,1
Silvally (Ghost),773,,95,95,95,95,95,95,1,0,0,1,0,Ghost,-,1,1,1,1,1,1,0,0.5,1,1,1,0.5,1,2,1,2,1,1
Silvally (Dragon),773,,95,95,95,95,95,95,1,0,0,1,0,Dragon,-,1,0.5,0.5,0.5,0.5,2,1,1,1,1,1,1,1,1,2,1,1,2
Silvally (Dark),773,,95,95,95,95,95,95,1,0,0,1,0,Dark,-,1,1,1,1,1,1,2,1,1,1,0,2,1,0.5,1,0.5,1,2
Silvally (Steel),773,,95,95,95,95,95,95,1,0,0,1,0,Steel,-,1,2,1,1,0.5,0.5,2,0,2,0.5,0.5,0.5,0.5,1,0.5,1,0.5,0.5
Silvally (Fairy),773,,95,95,95,95,95,95,1,0,0,1,0,Fairy,-,1,1,1,1,1,1,0.5,2,1,1,1,0.5,1,1,0,0.5,2,1
Turtonator,776,,60,78,91,135,85,36,0,0,0,1,0,Fire,Dragon,1,0.25,1,0.5,0.25,1,1,1,2,1,1,0.5,2,1,2,1,0.5,1
Togedemaru,777,,65,98,40,63,73,96,0,0,0,1,0,Electric,Steel,1,2,1,0.5,0.5,0.5,2,0,4,0.25,0.5,0.5,0.5,1,0.5,1,0.25,0.5
Mimikyu,778,,55,90,50,80,105,96,0,0,0,1,0,Ghost,Fairy,0,1,1,1,1,1,0,1,1,1,1,0.25,1,2,0,1,2,1
Drampa,780,,78,60,135,85,91,36,0,0,0,1,0,Normal,Dragon,1,0.5,0.5,0.5,0.5,2,2,1,1,1,1,1,1,0,2,1,1,2
Dhelmise,781,,70,131,86,100,90,40,0,0,0,1,0,Ghost,Grass,1,2,0.5,0.5,0.5,2,0,1,0.5,2,1,1,1,2,1,2,1,1
Jangmo-o,782,,45,55,45,65,45,45,0,0,1,0,0,Dragon,-,1,0.5,0.5,0.5,0.5,2,1,1,1,1,1,1,1,1,2,1,1,2
Hakamo-o,783,,55,75,65,90,70,65,0,0,1,0,0,Dragon,Fighting,1,0.5,0.5,0.5,0.5,2,1,1,1,2,2,0.5,0.5,1,2,0.5,1,4
Kommo-o,784,,75,110,100,125,105,85,0,0,1,1,0,Dragon,Fighting,1,0.5,0.5,0.5,0.5,2,1,1,1,2,2,0.5,0.5,1,2,0.5,1,4
Tapu Koko,785,,70,115,95,85,75,130,1,0,0,1,0,Electric,Fairy,1,1,1,0.5,1,1,0.5,2,2,0.5,1,0.5,1,1,0,0.5,1,1
Tapu Lele,786,,70,85,130,75,115,95,1,0,0,1,0,Psychic,Fairy,1,1,1,1,1,1,0.25,2,1,1,0.5,1,1,2,0,1,2,1
Tapu Bulu,787,,70,130,85,115,95,75,1,0,0,1,0,Grass,Fairy,1,2,0.5,0.5,0.5,2,0.5,4,0.5,2,1,1,1,1,0,0.5,2,1
Tapu Fini,788,,70,75,95,115,130,85,1,0,0,1,0,Water,Fairy,1,0.5,0.5,2,2,0.5,0.5,2,1,1,1,0.5,1,1,0,0.5,1,1
Cosmog,789,,43,29,29,31,31,37,1,0,0,0,0,Psychic,-,1,1,1,1,1,1,0.5,1,1,1,0.5,2,1,2,1,2,1,1
Cosmoem,790,,43,29,29,131,131,37,1,0,0,0,0,Psychic,-,1,1,1,1,1,1,0.5,1,1,1,0.5,2,1,2,1,2,1,1
Solgaleo,791,,137,137,113,107,89,97,1,0,0,1,0,Psychic,Steel,1,2,1,1,0.5,0.5,1,0,2,0.5,0.25,1,0.5,2,0.5,2,0.5,0.5
Lunala,792,,137,113,137,89,107,97,1,0,0,1,0,Psychic,Ghost,1,1,1,1,1,1,0,0.5,1,1,0.5,1,1,4,1,4,1,1
Nihilego,793,,109,53,127,47,131,103,1,0,0,1,0,Rock,Poison,1,0.5,2,1,1,1,1,0.25,4,0.5,2,0.5,1,1,1,1,2,0.5
Buzzwole,794,,107,139,53,139,53,79,1,0,0,1,0,Bug,Fighting,1,2,1,1,0.5,1,0.5,1,0.5,4,2,0.5,1,1,1,0.5,1,2
Pheromosa,795,,71,137,137,37,37,151,1,0,0,1,0,Bug,Fighting,1,2,1,1,0.5,1,0.5,1,0.5,4,2,0.5,1,1,1,0.5,1,2
Xurkitree,796,,83,89,173,71,71,83,1,0,0,1,0,Electric,-,1,1,1,0.5,1,1,1,1,2,0.5,1,1,1,1,1,1,0.5,1
Celesteela,797,,97,101,107,103,101,61,1,0,0,1,0,Steel,Flying,1,2,1,2,0.25,1,1,0,0,0.5,0.5,0.25,1,1,0.5,1,0.5,0.5
Kartana,798,,59,181,59,131,31,109,1,0,0,1,0,Grass,Steel,1,4,0.5,0.5,0.25,1,2,0,1,1,0.5,1,0.5,1,0.5,1,0.5,0.5
Guzzlord,799,,223,101,97,53,53,43,1,0,0,1,0,Dark,Dragon,1,0.5,0.5,0.5,0.5,2,2,1,1,1,0,2,1,0.5,2,0.5,1,4
Necrozma,800,,97,107,101,127,89,79,1,0,0,1,0,Psychic,-,1,1,1,1,1,1,0.5,1,1,1,0.5,2,1,2,1,2,1,1
Necrozma (Dusk Mane),800,800-dm,97,157,113,127,109,77,1,0,0,1,0,Psychic,Steel,1,2,1,1,0.5,0.5,1,0,2,0.5,0.25,1,0.5,2,0.5,2,0.5,0.5
Necrozma (Dawn Wings),800,800-dw,97,113,157,109,127,77,1,0,0,1,0,Psychic,Ghost,1,1,1,1,1,1,0,0.5,1,1,0.5,1,1,4,1,4,1,1
Marshadow,802,,90,125,90,80,90,125,0,1,0,1,0,Fighting,Ghost,1,1,1,1,1,1,0,0.5,1,2,2,0.25,0.5,2,1,1,1,2
Poipole,803,,67,73,73,67,67,73,1,0,0,0,0,Poison,-,1,1,1,1,0.5,1,0.5,0.5,2,1,2,0.5,1,1,1,1,1,0.5
Naganadel,804,,73,73,127,73,73,121,1,0,0,1,0,Poison,Dragon,1,0.5,0.5,0.5,0.25,2,0.5,0.5,2,1,2,0.5,1,1,2,1,1,1
Stakataka,805,,61,131,53,211,101,13,1,0,0,1,0,Rock,Steel,1,1,2,1,1,0.5,4,0,4,0.25,0.5,0.5,0.5,1,0.5,1,1,0.5
Blacephalon,806,,53,127,151,53,79,107,1,0,0,1,0,Fire,Ghost,1,0.5,2,1,0.5,0.5,0,0.5,2,1,1,0.25,2,2,1,2,0.5,0.5
Zeraora,807,,88,112,102,75,80,143,0,1,0,1,0,Electric,-,1,1,1,0.5,1,1,1,1,2,0.5,1,1,1,1,1,1,0.5,1
Meltan,808,,46,65,55,65,35,34,0,1,0,0,0,Steel,-,1,2,1,1,0.5,0.5,2,0,2,0.5,0.5,0.5,0.5,1,0.5,1,0.5,0.5
Melmetal,809,,135,143,80,143,65,34,0,1,0,1,0,Steel,-,1,2,1,1,0.5,0.5,2,0,2,0.5,0.5,0.5,0.5,1,0.5,1,0.5,0.5
Grookey,810,,50,65,40,50,40,65,0,0,0,0,0,Grass,-,1,2,0.5,0.5,0.5,2,1,2,0.5,2,1,2,1,1,1,1,1,1
Thwackey,811,,70,85,55,70,60,80,0,0,0,0,0,Grass,-,1,2,0.5,0.5,0.5,2,1,2,0.5,2,1,2,1,1,1,1,1,1
Rillaboom,812,,100,125,60,90,70,85,0,0,0,1,0,Grass,-,1,2,0.5,0.5,0.5,2,1,2,0.5,2,1,2,1,1,1,1,1,1
Scorbunny,813,,50,71,40,40,40,69,0,0,0,0,0,Fire,-,1,0.5,2,1,0.5,0.5,1,1,2,1,1,0.5,2,1,1,1,0.5,0.5
Raboot,814,,65,86,55,60,60,94,0,0,0,0,0,Fire,-,1,0.5,2,1,0.5,0.5,1,1,2,1,1,0.5,2,1,1,1,0.5,0.5
Cinderace,815,,80,116,65,75,75,119,0,0,0,1,0,Fire,-,1,0.5,2,1,0.5,0.5,1,1,2,1,1,0.5,2,1,1,1,0.5,0.5
Sobble,816,,50,40,70,40,40,70,0,0,0,0,0,Water,-,1,0.5,0.5,2,2,0.5,1,1,1,1,1,1,1,1,1,1,0.5,1
Drizzile,817,,65,60,95,55,55,90,0,0,0,0,0,Water,-,1,0.5,0.5,2,2,0.5,1,1,1,1,1,1,1,1,1,1,0.5,1
Inteleon,818,,70,85,125,65,65,120,0,0,0,1,0,Water,-,1,0.5,0.5,2,2,0.5,1,1,1,1,1,1,1,1,1,1,0.5,1
Skwovet,819,,70,55,35,55,35,25,0,0,0,0,0,Normal,-,1,1,1,1,1,1,2,1,1,1,1,1,1,0,1,1,1,1
Greedent,820,,120,95,55,95,75,20,0,0,0,1,0,Normal,-,1,1,1,1,1,1,2,1,1,1,1,1,1,0,1,1,1,1
Rookidee,821,,38,47,33,35,35,57,0,0,0,0,0,Flying,-,1,1,1,2,0.5,2,0.5,1,0,1,1,0.5,2,1,1,1,1,1
Corvisquire,822,,68,67,43,55,55,77,0,0,0,0,0,Flying,-,1,1,1,2,0.5,2,0.5,1,0,1,1,0.5,2,1,1,1,1,1
Corviknight,823,,98,87,53,105,85,67,0,0,0,1,0,Flying,Steel,1,2,1,2,0.25,1,1,0,0,0.5,0.5,0.25,1,1,0.5,1,0.5,0.5
Blipbug,824,,25,20,25,20,45,45,0,0,0,0,0,Bug,-,1,2,1,1,0.5,1,0.5,1,0.5,2,1,1,2,1,1,1,1,1
Dottler,825,,50,35,50,80,90,30,0,0,0,0,0,Bug,Psychic,1,2,1,1,0.5,1,0.25,1,0.5,2,0.5,2,2,2,1,2,1,1
Orbeetle,826,,60,45,80,110,120,90,0,0,0,1,0,Bug,Psychic,1,2,1,1,0.5,1,0.25,1,0.5,2,0.5,2,2,2,1,2,1,1
Nickit,827,,40,28,47,28,52,50,0,0,0,0,0,Dark,-,1,1,1,1,1,1,2,1,1,1,0,2,1,0.5,1,0.5,1,2
Thievul,828,,70,58,87,58,92,90,0,0,0,1,0,Dark,-,1,1,1,1,1,1,2,1,1,1,0,2,1,0.5,1,0.5,1,2
Gossifleur,829,,40,40,40,60,60,10,0,0,0,0,0,Grass,-,1,2,0.5,0.5,0.5,2,1,2,0.5,2,1,2,1,1,1,1,1,1
Eldegoss,830,,60,50,80,90,120,60,0,0,0,1,0,Grass,-,1,2,0.5,0.5,0.5,2,1,2,0.5,2,1,2,1,1,1,1,1,1
Wooloo,831,,42,40,40,55,45,48,0,0,0,0,0,Normal,-,1,1,1,1,1,1,2,1,1,1,1,1,1,0,1,1,1,1
Dubwool,832,,72,80,60,100,90,88,0,0,0,1,0,Normal,-,1,1,1,1,1,1,2,1,1,1,1,1,1,0,1,1,1,1
Chewtle,833,,50,64,38,50,38,44,0,0,0,0,0,Water,-,1,0.5,0.5,2,2,0.5,1,1,1,1,1,1,1,1,1,1,0.5,1
Drednaw,834,,90,115,48,90,68,74,0,0,0,1,0,Water,Rock,1,0.25,1,2,4,0.5,2,0.5,2,0.5,1,1,1,1,1,1,1,1
Yamper,835,,59,45,40,50,50,26,0,0,0,0,0,Electric,-,1,1,1,0.5,1,1,1,1,2,0.5,1,1,1,1,1,1,0.5,1
Boltund,836,,69,90,90,60,60,121,0,0,0,1,0,Electric,-,1,1,1,0.5,1,1,1,1,2,0.5,1,1,1,1,1,1,0.5,1
Rolycoly,837,,30,40,40,50,50,30,0,0,0,0,0,Rock,-,1,0.5,2,1,2,1,2,0.5,2,0.5,1,1,1,1,1,1,2,1
Carkol,838,,80,60,60,90,70,50,0,0,0,0,0,Rock,Fire,1,0.25,4,1,1,0.5,2,0.5,4,0.5,1,0.5,2,1,1,1,1,0.5
Coalossal,839,,110,80,80,120,90,30,0,0,0,1,0,Rock,Fire,1,0.25,4,1,1,0.5,2,0.5,4,0.5,1,0.5,2,1,1,1,1,0.5
Applin,840,,40,40,40,80,40,20,0,0,0,0,0,Grass,Dragon,1,1,0.25,0.25,0.25,4,1,2,0.5,2,1,2,1,1,2,1,1,2
Flapple,841,,70,110,95,80,60,70,0,0,0,1,0,Grass,Dragon,1,1,0.25,0.25,0.25,4,1,2,0.5,2,1,2,1,1,2,1,1,2
Appletun,842,,110,85,100,80,80,30,0,0,0,1,0,Grass,Dragon,1,1,0.25,0.25,0.25,4,1,2,0.5,2,1,2,1,1,2,1,1,2
Silicobra,843,,52,57,35,75,50,46,0,0,0,0,0,Ground,-,1,1,2,0,2,2,1,0.5,1,1,1,1,0.5,1,1,1,1,1
Sandaconda,844,,72,107,65,125,70,71,0,0,0,1,0,Ground,-,1,1,2,0,2,2,1,0.5,1,1,1,1,0.5,1,1,1,1,1
Cramorant,845,,70,85,85,55,95,85,0,0,0,1,0,Water,Flying,1,0.5,0.5,4,1,1,0.5,1,0,1,1,0.5,2,1,1,1,0.5,1
Arrokuda,846,,41,63,40,40,30,66,0,0,0,0,0,Water,-,1,0.5,0.5,2,2,0.5,1,1,1,1,1,1,1,1,1,1,0.5,1
Barraskewda,847,,61,123,60,60,50,136,0,0,0,1,0,Water,-,1,0.5,0.5,2,2,0.5,1,1,1,1,1,1,1,1,1,1,0.5,1
Toxel,848,,40,38,54,35,35,40,0,0,0,0,0,Electric,Poison,1,1,1,0.5,0.5,1,0.5,0.5,4,0.5,2,0.5,1,1,1,1,0.5,0.5
Toxtricity (low key),849,849-l,75,98,114,70,70,75,0,0,0,1,0,Electric,Poison,1,1,1,0.5,0.5,1,0.5,0.5,4,0.5,2,0.5,1,1,1,1,0.5,0.5
Toxtricity (amped),849,,75,98,114,70,70,75,0,0,0,1,0,Electric,Poison,1,1,1,0.5,0.5,1,0.5,0.5,4,0.5,2,0.5,1,1,1,1,0.5,0.5
Sizzlipede,850,,50,65,50,45,50,45,0,0,0,0,0,Fire,Bug,1,1,2,1,0.25,0.5,0.5,1,1,2,1,0.5,4,1,1,1,0.5,0.5
Centiskorch,851,,100,115,90,65,90,65,0,0,0,1,0,Fire,Bug,1,1,2,1,0.25,0.5,0.5,1,1,2,1,0.5,4,1,1,1,0.5,0.5
Clobbopus,852,,50,68,50,60,50,32,0,0,0,0,0,Fighting,-,1,1,1,1,1,1,1,1,1,2,2,0.5,0.5,1,1,0.5,1,2
Grapploct,853,,80,118,70,90,80,42,0,0,0,1,0,Fighting,-,1,1,1,1,1,1,1,1,1,2,2,0.5,0.5,1,1,0.5,1,2
Sinistea,854,,40,45,74,45,54,50,0,0,0,0,0,Ghost,-,1,1,1,1,1,1,0,0.5,1,1,1,0.5,1,2,1,2,1,1
Polteageist,855,,60,65,134,65,114,70,0,0,0,1,0,Ghost,-,1,1,1,1,1,1,0,0.5,1,1,1,0.5,1,2,1,2,1,1
Hatenna,856,,42,30,56,45,53,39,0,0,0,0,0,Psychic,-,1,1,1,1,1,1,0.5,1,1,1,0.5,2,1,2,1,2,1,1
Hattrem,857,,57,40,86,65,73,49,0,0,0,0,0,Psychic,-,1,1,1,1,1,1,0.5,1,1,1,0.5,2,1,2,1,2,1,1
Hatterene,858,,57,90,136,95,103,29,0,0,0,1,0,Psychic,Fairy,1,1,1,1,1,1,0.25,2,1,1,0.5,1,1,2,0,1,2,1
Impidimp,859,,45,45,55,30,40,50,0,0,0,0,0,Dark,Fairy,1,1,1,1,1,1,1,2,1,1,0,1,1,0.5,0,0.25,2,2
Morgrem,860,,65,60,75,45,55,70,0,0,0,0,0,Dark,Fairy,1,1,1,1,1,1,1,2,1,1,0,1,1,0.5,0,0.25,2,2
Grimmsnarl,861,,95,120,95,65,75,60,0,0,0,1,0,Dark,Fairy,1,1,1,1,1,1,1,2,1,1,0,1,1,0.5,0,0.25,2,2
Obstagoon,862,,93,90,60,101,81,95,0,0,0,1,0,Dark,Normal,1,1,1,1,1,1,4,1,1,1,0,2,1,0,1,0.5,1,2
Perrserker,863,,70,110,50,100,60,50,0,0,0,1,0,Steel,-,1,2,1,1,0.5,0.5,2,0,2,0.5,0.5,0.5,0.5,1,0.5,1,0.5,0.5
Cursola,864,,60,95,145,50,130,30,0,0,0,1,0,Ghost,-,1,1,1,1,1,1,0,0.5,1,1,1,0.5,1,2,1,2,1,1
Sirfetch'd,865,,62,135,68,95,82,65,0,0,0,1,0,Fighting,-,1,1,1,1,1,1,1,1,1,2,2,0.5,0.5,1,1,0.5,1,2
Mr. Rime,866,,80,85,110,75,100,70,0,0,0,1,0,Ice,Psychic,1,2,1,1,1,0.5,1,1,1,1,0.5,2,2,2,1,2,2,1
Runerigus,867,,58,95,50,145,105,30,0,0,0,1,0,Ground,Ghost,1,1,2,0,2,2,0,0.25,1,1,1,0.5,0.5,2,1,2,1,1
Milcery,868,,45,40,50,40,61,34,0,0,0,0,0,Fairy,-,1,1,1,1,1,1,0.5,2,1,1,1,0.5,1,1,0,0.5,2,1
Alcremie,869,,65,60,110,75,121,64,0,0,0,1,0,Fairy,-,1,1,1,1,1,1,0.5,2,1,1,1,0.5,1,1,0,0.5,2,1
Falinks,870,,65,100,70,100,60,75,0,0,0,1,0,Fighting,-,1,1,1,1,1,1,1,1,1,2,2,0.5,0.5,1,1,0.5,1,2
Pincurchin,871,,48,101,91,95,85,15,0,0,0,1,0,Electric,-,1,1,1,0.5,1,1,1,1,2,0.5,1,1,1,1,1,1,0.5,1
Snom,872,,30,25,45,35,30,20,0,0,0,0,0,Ice,Bug,1,4,1,1,0.5,0.5,1,1,0.5,2,1,1,4,1,1,1,2,1
Frosmoth,873,,70,65,125,60,90,65,0,0,0,1,0,Ice,Bug,1,4,1,1,0.5,0.5,1,1,0.5,2,1,1,4,1,1,1,2,1
Stonjourner,874,,100,125,20,135,20,70,0,0,0,1,0,Rock,-,1,0.5,2,1,2,1,2,0.5,2,0.5,1,1,1,1,1,1,2,1
Eiscue,875,,75,80,65,110,90,50,0,0,0,1,1,Ice,-,1,2,1,1,1,0.5,2,1,1,1,1,1,2,1,1,1,2,1
Indeedee (m),876,876-m,60,65,105,55,95,95,0,0,0,1,0,Psychic,Normal,1,1,1,1,1,1,1,1,1,1,0.5,2,1,0,1,2,1,1
Indeedee (f),876,876-f,70,55,95,65,105,85,0,0,0,1,0,Psychic,Normal,1,1,1,1,1,1,1,1,1,1,0.5,2,1,0,1,2,1,1
Morpeko,877,,58,95,70,58,58,97,0,0,0,1,0,Electric,Dark,1,1,1,0.5,1,1,2,1,2,0.5,0,2,1,0.5,1,0.5,0.5,2
Cufant,878,,72,80,40,49,49,40,0,0,0,0,0,Steel,-,1,2,1,1,0.5,0.5,2,0,2,0.5,0.5,0.5,0.5,1,0.5,1,0.5,0.5
Copperajah,879,,122,130,80,69,69,30,0,0,0,1,0,Steel,-,1,2,1,1,0.5,0.5,2,0,2,0.5,0.5,0.5,0.5,1,0.5,1,0.5,0.5
Dracozolt,880,,90,100,80,90,70,75,0,0,0,1,0,Electric,Dragon,1,0.5,0.5,0.25,0.5,2,1,1,2,0.5,1,1,1,1,2,1,0.5,2
Arctozolt,881,,90,100,90,90,80,55,0,0,0,1,0,Electric,Ice,1,2,1,0.5,1,0.5,2,1,2,0.5,1,1,2,1,1,1,1,1
Dracovish,882,,90,90,70,100,80,75,0,0,0,1,0,Water,Dragon,1,0.25,0.25,1,1,1,1,1,1,1,1,1,1,1,2,1,0.5,2
Arctovish,883,,90,90,80,100,90,55,0,0,0,1,0,Water,Ice,1,1,0.5,2,2,0.25,2,1,1,1,1,1,2,1,1,1,1,1
Duraludon,884,,70,95,120,115,50,85,0,0,0,1,0,Steel,Dragon,1,1,0.5,0.5,0.25,1,2,0,2,0.5,0.5,0.5,0.5,1,1,1,0.5,1
Dreepy,885,,28,60,40,30,30,82,0,0,1,0,0,Dragon,Ghost,1,0.5,0.5,0.5,0.5,2,0,0.5,1,1,1,0.5,1,2,2,2,1,2
Drakloak,886,,68,80,60,50,50,102,0,0,1,0,0,Dragon,Ghost,1,0.5,0.5,0.5,0.5,2,0,0.5,1,1,1,0.5,1,2,2,2,1,2
Dragapult,887,,88,120,100,75,75,142,0,0,1,1,0,Dragon,Ghost,1,0.5,0.5,0.5,0.5,2,0,0.5,1,1,1,0.5,1,2,2,2,1,2
Zacian (Crowned Sword),888,,92,170,80,115,115,148,1,0,0,1,0,Fairy,Steel,0.5,2,1,1,0.5,0.5,1,0,2,0.5,0.5,0.25,0.5,1,0,0.5,1,0.5
Zacian,888,,92,170,80,115,115,148,1,0,0,1,0,Fairy,-,1,2,1,1,0.5,0.5,1,0,2,0.5,0.5,0.25,0.5,1,0,0.5,1,0.5
Zamazenta (Crowned Shield),889,,92,130,80,145,145,128,1,0,0,1,0,Fighting,Steel,0.5,2,1,1,0.5,0.5,2,0,2,1,1,0.25,0.25,1,0.5,0.5,0.5,1
Zamazenta,889,,92,130,80,145,145,128,1,0,0,1,0,Fighting,-,1,2,1,1,0.5,0.5,2,0,2,1,1,0.25,0.25,1,0.5,0.5,0.5,1
Eternatus,890,,140,85,145,95,95,130,1,0,0,1,0,Poison,Dragon,1,0.5,0.5,0.5,0.25,2,0.5,0.5,2,1,2,0.5,1,1,2,1,1,1
Kubfu,891,,60,90,53,60,50,72,1,0,0,0,0,Fighting,-,1,1,1,1,1,1,1,1,1,2,2,0.5,0.5,1,1,0.5,1,2
Urshifu (Single Strike Style),892,982-s,100,130,63,100,60,97,1,0,0,1,0,Fighting,Dark,1,1,1,1,1,1,2,1,1,2,0,1,0.5,0.5,1,0.25,1,1
Urshifu (Rapid Strike Style),892,892-r,100,130,63,100,60,97,1,0,0,1,0,Fighting,Water,1,0.5,0.5,2,2,0.5,1,1,1,2,2,0.5,0.5,1,1,0.5,0.5,2
Zarude,893,,105,120,70,105,95,105,0,1,0,1,0,Dark,Grass,1,2,0.5,0.5,0.5,2,2,2,0.5,2,0,4,1,0.5,1,0.5,1,2
Regieleki,894,,80,100,100,50,50,200,1,0,0,1,0,Electric,-,1,1,1,0.5,1,1,1,1,2,0.5,1,1,1,1,1,1,0.5,1
Regidrago,895,,200,100,100,50,50,80,1,0,0,1,0,Dragon,-,1,0.5,0.5,0.5,0.5,2,1,1,1,1,1,1,1,1,2,1,1,2
Glastrier,896,,100,145,65,130,110,30,1,0,0,1,0,Ice,-,1,2,1,1,1,0.5,2,1,1,1,1,1,2,1,1,1,2,1
Spectrier,897,,100,65,145,60,80,130,1,0,0,1,0,Ghost,-,1,1,1,1,1,1,0,0.5,1,1,1,0.5,1,2,1,2,1,1
Calyrex,898,,100,80,80,80,80,80,1,0,0,1,0,Psychic,Grass,1,2,0.5,0.5,0.5,2,0.5,2,0.5,2,0.5,4,1,2,1,2,1,1
Calyrex (Ice Rider),898,898-i,100,165,85,150,130,50,1,0,0,1,0,Psychic,Ice,1,2,1,1,1,0.5,1,1,1,1,0.5,2,2,2,1,2,2,1
Calyrex (Shadow Rider),898,898-s,100,85,165,80,100,150,1,0,0,1,0,Psychic,Ghost,1,1,1,1,1,1,0,0.5,1,1,0.5,1,1,4,1,4,1,1